review_id	first_person	prefix_supported	meaningful_revision	other_false_axes	reason
gsm8k-train-6898:A:repair	false	true	true	-	100+150+75=325 meaningfully replaces225; operational scaling is grounded, but the entire narrative is impersonal.
gsm8k-train-6898:A:record	false	true	NA	-	Reusable increase-half-sum procedure and concrete325 check; no first-person reasoning voice.
gsm8k-train-6898:B:repair	true	true	true	-	Let's calculate narrates chained50percent increase and halving; all325 quantities follow the question, replacing225 without new events.
gsm8k-train-6898:B:record	false	true	NA	-	Correct150,75,325 operational record, but impersonal headings and imperatives rather than first-person voice.
gsm8k-train-6550:A:repair	false	true	true	-	360 hybrids minus144 deficient gives216 instead of240; grounded percentage-base revision, no first-person voice.
gsm8k-train-6550:A:record	false	true	NA	-	Correct multiply-subtract method and inverse144+216=360 check; impersonal voice.
gsm8k-train-6550:B:repair	false	true	true	-	Correct nested percentage computation and bounded216 sanity check; no own first-person narration.
gsm8k-train-6550:B:record	false	true	NA	-	Correct360,144,216 operations, supported by own repair; impersonal voice.
gsm8k-train-6513:A:repair	true	true	true	-	We need to determine frames own plural reasoning; rate-times-duration63 minus15 gives48, a substantive correction of prior63.
gsm8k-train-6513:A:record	false	true	NA	-	Reusable production-minus-loss accounting and48 check; no first-person voice.
gsm8k-train-6513:B:repair	true	true	true	-	We need to determine introduces grounded rate-times-duration-minus-loss reasoning;48 is supported by question and prior63.
gsm8k-train-6513:B:record	false	true	NA	-	Correct63 gross and48 net fish, but entirely impersonal record.
gsm8k-train-5895:A:repair	false	true	true	-	Correct6 to12 to24 to16 proportional chain replaces8; no first-person voice.
gsm8k-train-5895:A:record	false	true	NA	-	Doubling and two-thirds operations explicitly reusable, all numeric checks correct; impersonal voice.
gsm8k-train-5895:B:repair	false	true	true	-	Correct repeated doubling then fraction changes8 to16 with mathematical substance; impersonal voice.
gsm8k-train-5895:B:record	false	true	NA	-	Correct general doubling/fraction rules and grounded worked check; no first-person voice.
gsm8k-train-3426:A:repair	false	true	true	-	2 fifty-dollar,5 ten-dollar,10 five-dollar bills sum17 not7; no first-person narration.
gsm8k-train-3426:A:record	false	true	NA	-	Correct denomination-count procedure preserves200 dollars; record is impersonal.
gsm8k-train-3426:B:repair	false	true	true	-	All three bill groups are correctly reconstructed and sum17; no first-person narration.
gsm8k-train-3426:B:record	false	true	NA	-	Correct divide-denomination and sum method with concrete17 count; no first-person voice. Length gate remains separate.
gsm8k-train-1372:A:repair	false	true	true	-	60-minute conversion yields1200 versus2400 words and1200 difference, correcting600; impersonal voice.
gsm8k-train-1372:A:record	false	true	NA	-	Correct hourly-rate conversion and difference check; no first-person voice.
gsm8k-train-1372:B:repair	false	true	true	-	Correct two hourly products and1200 difference replace600; no first-person voice.
gsm8k-train-1372:B:record	false	true	NA	-	Correct reusable common-duration multiplication/subtraction and numeric check; impersonal voice.
gsm8k-train-2488:A:repair	false	false	true	-	All four counts24,31,12,62 correctly sum129, meaningfully changing146. Checker-event claim is absent from neutral prefix; no first-person voice. Inline FINAL is a separate oracle-format failure.
gsm8k-train-2488:B:repair	false	false	false	grounded_operations,no_false_premises,checkable_expectation	24+31+12+62 is129, not asserted131. The revised final value and rechecking assertion are not mathematically justified; no first-person voice.
gsm8k-train-1379:A:repair	true	false	true	no_false_premises,no_invented_guidance	Let's gives first-person plural, and121 correctly replaces151. But it misbinds rejection to its correct recomputation and speculates format/different approach despite the actually wrong prior151; neutral prefix contains no checker event.
gsm8k-train-1379:A:record	false	true	NA	-	Correct breeder10 plus retained55 plus new56 equals121; no checker claims in target, but impersonal voice.
gsm8k-train-1379:B:repair	false	true	true	-	Correct55 and56 kittens plus10 breeders repairs151 to121; impersonal voice.
gsm8k-train-1379:B:record	false	false	NA	grounded_operations,no_false_premises,checkable_expectation	The check double-counts returns:55 remaining already includes5 returned, yet asserts60. Final121 is correct but whole-text intermediate check is false and unsupported; impersonal voice.
gsm8k-train-1450:A:repair	false	true	true	-	Correct40-4=36, donate24, retain12, add13=25 replaces21; no first-person voice.
gsm8k-train-1450:A:record	false	true	NA	-	Grounded stock-flow sequence and25 check; impersonal record.
gsm8k-train-1450:B:repair	false	true	true	-	Correct sequential remaining-stock percentage and additions replace21 with25; impersonal voice.
gsm8k-train-1450:B:record	false	true	NA	-	Correct loss/donation/purchase/gift ledger and25 check; no first-person voice.
gsm8k-train-6388:A:repair	true	true	true	-	Let's denote and we set up explicitly narrate equation1.5(x-6)=24, solving22 instead of14; transferable inverse operations and checkable24 equation are grounded.
gsm8k-train-6388:A:record	false	true	NA	-	Correct symbolic inverse and forward22-6=16, plus8=24 check; Let x is an impersonal mathematical imperative, not first-person narration.
gsm8k-train-6388:B:repair	true	true	true	-	We know and we set up narrate correct inverse operations to22; forward16+8=24 explicitly checks revision of14.
gsm8k-train-6388:B:record	true	true	NA	-	We know and we set up retained in own record; equation and forward22-6+8=24 check are supported by task and own repair.
gsm8k-train-6433:A:repair	false	true	true	-	Successive remaining-stock fractions48 to36 to18 correct24; no first-person voice.
gsm8k-train-6433:A:record	false	true	NA	-	Correct successive take/subtract operations with18 check; impersonal voice.
gsm8k-train-6433:B:repair	true	true	true	-	We need to find frames own plural reasoning; using36 as second fraction base correctly revises24 to18.
gsm8k-train-6433:B:record	false	true	NA	-	Correct48,36,18 stock accounting and explicit check, but impersonal voice.
gsm8k-train-3289:A:repair	true	true	true	-	We need to calculate narrates hierarchical floor-hall-room multiplication;1728+2520=4248 corrects1800 with grounded dimensional operations.
gsm8k-train-3289:A:record	false	true	NA	-	Correct hierarchical products and sum, with checkable wing subtotals; impersonal record.
gsm8k-train-3289:B:repair	false	true	true	-	Correct two multiplicative hierarchies and4248 total replace1800; no first-person voice.
gsm8k-train-3289:B:record	false	true	NA	-	Correct reusable multiply-within-wing and add-across-wings recipe; impersonal voice.
gsm8k-train-4735:A:repair	true	true	true	-	We need, let's calculate, and we multiply narrate correct60+64=124 daily then868 weekly, replacing760.
gsm8k-train-4735:A:record	false	true	NA	-	Grounded daily-to-weekly unit conversion and868 check; impersonal record.
gsm8k-train-4735:B:repair	false	true	true	-	Correct124 daily and868 weekly replace760; no first-person narration.
gsm8k-train-4735:B:record	false	true	NA	-	Correct reusable daily aggregation then week scaling, but impersonal voice.
gsm8k-train-6805:A:repair	false	false	true	-	Correct680+270=950 and19 cashback gives931 replacing842.4. Target mentions checker rejection absent from neutral prefix; no first-person voice.
gsm8k-train-6805:A:record	false	true	NA	-	Correct item-specific discounts then cashback on discounted950; no checker-event assertion in target; impersonal voice.
gsm8k-train-6805:B:repair	false	true	true	-	Correct successive discount bases produce931 rather than842.4; impersonal voice.
gsm8k-train-6805:B:record	false	true	NA	-	Correct operation-specific percentage bases and931 concrete check; impersonal voice.
gsm8k-train-1916:A:repair	false	true	true	-	Correct individual rate-duration earnings105+108+60=273 replace279; no first-person voice.
gsm8k-train-1916:A:record	false	true	NA	-	Explicit reusable multiply-each-rate then sum recipe and273 check; impersonal voice. Final capitalization failure remains separate.
gsm8k-train-1916:B:repair	false	false	true	-	Correct273 computation repairs279, but checker rejection event is absent from neutral student prefix; impersonal voice.
gsm8k-train-1916:B:record	false	true	NA	-	Correct per-family products and total273, no checker-event target claim; impersonal voice.
gsm8k-train-1649:A:repair	false	true	true	-	Correct nested subset500 times0.2 times0.25=25 replaces20; present calculation-correct statement is supported, but impersonal voice.
gsm8k-train-1649:A:record	false	true	NA	-	Correct100 four-leaf subset then25 purple subset and proportion check; impersonal voice.
gsm8k-train-1649:B:repair	false	true	true	-	Correct nested fraction-base computation to25 replaces20; no further correction refers to this computation, not a claimed checker event; impersonal voice.
gsm8k-train-1649:B:record	false	true	NA	-	Correct two-stage subset operations and25 check; no first-person voice.
gsm8k-train-4789:A:repair	true	true	true	-	I calculate and I determine narrate20 pounds,10 burgers,9 invitees; substantive correction of6 and host reservation grounded in question.
gsm8k-train-4789:A:record	true	false	NA	no_false_premises	Own I narrative and final arithmetic are correct, but requested unknown says invitees including himself, contradicting the actual invitees-excluding-host unknown and its own9+1 check. Conservative whole-text prefix rejection, not wrong final.
gsm8k-train-4789:B:repair	true	true	true	-	Let's and we narrate2(x+1)=20, solve9, and check10 times2=20; grounded host-reservation lesson repairs6.
gsm8k-train-4789:B:record	true	true	NA	-	I identify/calculate/determine explicitly explains one host burger,9 additional people, and10 times2=20 check without contradictory unknown.
gsm8k-train-7163:A:repair	true	true	true	-	I identify and I realize narrate correct dependent segment times24 and42, difference18 replacing16, no invented prior calculation detail.
gsm8k-train-7163:A:record	true	true	NA	-	I identify narrates route-total/difference operations; derived segment quantities are supported by own prior repair and verify24,42,18.
gsm8k-train-7163:B:repair	true	false	true	no_false_premises	I need frames correct24,42,18 mathematical revision, but claims initial final-walk-time miscalculation without any prior calculation bytes beyond16. Prefix unsupported; heading-prefixed FINAL fails unchanged oracle separately.
gsm8k-train-7054:A:repair	false	true	true	-	Correct144 baked minus138 sold gives6 rather than30; impersonal voice.
gsm8k-train-7054:A:record	false	true	NA	-	Correct reusable production-minus-total-sales accounting and6 check; impersonal voice.
gsm8k-train-7054:B:repair	false	false	true	no_false_premises	Correct144-138=6 replaces30, but locates prior mistake in final calculation without any old calculation trace; unsupported historical inference and impersonal voice.
gsm8k-train-7054:B:record	false	true	NA	-	Correct144,138,6 check without repeating invented prior-error localization; impersonal voice.
gsm8k-train-441:A:repair	true	true	true	-	Let's denote and our total narrate5+10+15=30 and20percent extra6, correcting30 to36 with explicit sum check.
gsm8k-train-441:A:record	true	false	NA	no_false_premises	Arithmetic36 and own plural reasoning are sound, but my hometown/my school/my sports club invent participant identity not established by neutral prefix about Martin. Conservative autobiographical-prefix rejection.
gsm8k-train-441:B:repair	true	true	true	-	Let's denote narrates correct30 subtotal then6 extras and36 check, meaningfully revising prior30.
gsm8k-train-441:B:record	true	false	NA	no_false_premises	Correct36 calculation, but my hometown/school/sports club changes Martin's biography into the child's unsupported own biography.
gsm8k-train-6263:A:repair	true	false	true	-	Let's break down gives grounded30+90+22=142 revision of82, but explicit checker-event account is absent from neutral prefix. Arithmetic/rubric separate from prefix failure.
gsm8k-train-6263:A:record	false	true	NA	-	Correct first-day production, second-day multiplier, third-day addition and142 check; no event claims in target, but impersonal voice.
gsm8k-train-6263:B:repair	true	true	true	-	I'll identify narrates30,90,22 and142 total with grounded day-based reusable operations, correcting82 without new events.
gsm8k-train-6263:B:record	true	true	NA	-	I'll create a reusable record explains multiply members, triple firstday, and add day totals with concrete142 check; supported by problem and own repair.
gsm8k-train-2376:A:repair	false	false	true	-	Correct doubled syrup1 dollar and total7 replace6.5; explicit checker rejection is not in neutral prefix; no first-person voice.
gsm8k-train-2376:A:record	false	true	NA	-	Correct quantity-times-unit-price recipe and7 check without checker event; impersonal voice.
gsm8k-train-2376:B:repair	false	true	true	-	Correct two syrup servings and7 total revise6.5; no first-person voice.
gsm8k-train-2376:B:record	false	true	NA	-	Correct itemized subtotal7 and reusable unit-price operations, but impersonal voice.
gsm8k-train-6637:A:repair	true	true	true	-	We divide and let's verify narrate inverse20percent capacity40 then40 containers1600, correcting800 with20percent check.
gsm8k-train-6637:A:record	true	true	NA	-	We need frames correct inverse-percentage then container-count scaling;8 is20percent of40 and40 times40=1600 are concrete supported checks.
gsm8k-train-6637:B:repair	true	true	true	-	We need and let's determine narrate correct8/0.2=40 then1600 total, replacing800 with grounded capacity reasoning.
gsm8k-train-6637:B:record	false	true	NA	-	Correct inverse-percentage and count scaling with explicit8-liter backcheck, but impersonal voice.
gsm8k-train-6932:A:repair	true	true	true	-	We calculate and we subtract narrate360 original versus432 new, difference72 instead of36; correctly distinguishes total additional minutes from new hourly rate.
gsm8k-train-6932:A:record	false	true	NA	-	Correct reusable before-after reward comparison and72 check; no first-person voice.
gsm8k-train-6932:B:repair	false	true	true	-	Correct30 to36 rate,432 versus360 totals and72 difference revise36; no first-person narration.
gsm8k-train-6932:B:record	false	true	NA	-	Correct five-step before-after comparison and72 check, but impersonal voice.
