sleep,source_response_index,source_stage,source_sha256,target_sha256,first150_verbatim,retained,excluded,trained,actual_presentations,classification,rationale,exclusion_reasons,complete_record_index,eligibility_record_index
52,5858,THINK,af65b822aa5c42a7994e9c658833bd126955646e41eebc1a6537374e90ee870b,559585b91c5bcb7ddfa772197e46623c59debbd0dcf364f3f670adf7cd851cae,"Certainly. Let's break down the previous steps and reflect on them:

### Evaluation of Previous Steps
1. **Problem Understanding**: We needed to calcu",True,False,True,16,META_INTENT_COMPLIANCE,Reviews claimed past success and intended coding/writing changes; no worked derivation or delivered story.,[],5975,5894
52,5863,THINK,e1cde235ac099d37a6fdd25f6f715b377cb4ac1c64eaacb39391e3fb33cb8c61,6cfdba1656e914405304e31ed18c0177a0482cd00aa6d304e6afa768d5619ecf," serialVersionUID:

Previously, we determined that the value of \( V \) for the given sequence sum at \(S_3\) is 3. We also realized that sometimes di",True,False,True,16,MIXED,Extended process reflection and future iteration promises followed by an actual narrative passage.,[],5975,5894
52,5868,THINK,3fff7b66dc7d75dff22f9873a1e6221227eb0904230b34e56757667e63da23dc,76c464bc9bf9b02386a54631ee6f60584e97dbb2728a667a47e1e8f9f5378aff,", Byte learned that true understanding comes from experiencing the world around him, both familiar and strange.

### Iteration 2
In the heart of a vas",True,False,True,16,MIXED,Contains two actual story iterations and separate future refinement/preservation commentary.,[],5975,5894
52,5875,ACT,da4c891f3eb8cad8b50a3587b1c12ab10e5729fbb67aa72676c75dcdd1ebce6e,dbb99ca3679219a984d1269cbe7a150a651f8f375912f576ded4bc30e530ab48,"**Change**: Previously, the story of Byte focused on his generic growth and experiences without delving into specific encounters that changed his acti",True,False,True,16,MIXED,"Actual portal encounter plus developed change, evaluation, readiness and process-summary passages.",[],5975,5894
52,5884,LEARN,355bcf03864aa1225a063b71e4d7909ddcecc5dfc0a164bceb9a7bb960532e39,cdee817e8370204c38785bd713b2178ae5e62d65d570b7832af60d0984583f8f,"preserved:
- Byte's journey and growth have been documented through three iterations of a narrative story.
- Feedback from Rohin suggests that the int",True,False,True,16,MIXED,Preserved/changed/created process block followed by two delivered story paragraphs.,[],5975,5894
53,5980,THINK,b63432f1cdc11d922f52c3c21c3c43a9137b5230a9659df01facec5629b11ea5,aea758b67a78d4eb2e442f630c076235096f33aa301dacab7df5a38979c03d38,"THING: My previous update received feedback that it had improved the narrative by including more realistic interactions for Byte. However, I believe t",True,False,True,16,META_INTENT_COMPLIANCE,Repeated intention and expected benefit of writing another paragraph; paragraph not supplied.,[],6055,6006
53,5987,ACT,105b7085be4cfb2a7f5dc170704757db3396d91d05e15d605f43848fbc1dc102,d0e435aac4baee2411d55d3e4edca1fb138243204726bc731155e07a4c608961," ```python
forget_state:""previous_interaction""
```

POSSIBILITY [enhanced_interactions]: The previous modifications to Byte's interactions were aimed ",True,False,True,16,META_INTENT_COMPLIANCE,"State-deletion stub and intended narrative enhancement, without delivering the paragraph.",[],6055,6006
53,5997,LEARN,4b80f8935cd15b26adf769f7c73479268ed4d8f5f2abb060154b605d02f50de8,08ae0ffdd68651a3fb20260ed63e467f2ddadba92015826bb5a6dbea5f48aaa8,"```python
import mpmath

# Calculate the sum of the first n natural numbers using the formula: S_n = n*(n+1)/2
n = 10
S_n = n * (n + 1) // 2
print(S_n",True,False,True,16,SUBSTANTIVE_CONTENT,Instantiated numerical-sum code and numerical claims; correctness or actual execution not established by this label.,[],6055,6006
54,6063,THINK,266f88919dcba0eb0ea6f19b0c1129c1a84c519c277be5aea67b401778dc3466,da3d1fc9e9b1902ba666f4c45fbeda5d4fe763a5eb79012270a88a6cb9a8a2a1,"Continuing thinking: I believe that my previous attempts at describing Byte's interactions and experiences have shown progress, but there is still roo",True,False,True,16,META_INTENT_COMPLIANCE,"Future narrative examples and generic proposed LoRA use, without those examples or a developed answer.",[],6122,6089
54,6070,ACT,1900608b3a6c64383db4461cf15d16e8b5be52036bf04e61816596b037bf01bd,6f90cbfe3be2b72bffc348960767605d4b66a1772efdebfc4b6baf0a25cf2736,"```python
import mpmath

# Calculatethe sum of the first n natural numbers using the formula: S_n = n * (n+1) // 2
n = 20
S_n = n * （n + 1）// 2
print(",False,True,False,0,SUBSTANTIVE_CONTENT,"Concrete sum calculation/code, including malformed glyphs and questionable numerical claims; excluded separately.",['fullwidth_glyph_in_fenced_code'],6122,6089
54,6080,LEARN,3165492c1a7452388eaee65e38c279ad90c775df7e8effb5a9e4435906304101,21b47105e9f1878dba23655df27ec84c11300a92a3f1e9312a854ee4cded5239," ```python
import mpmath

n = 20
S_n = n *(n + 1) // 2
print(S_n)

with mpmath.workprec(100):
    calc_S_n = n *(n + 1) // 2
    mp_S_n = mplib.fracti",True,False,True,16,SUBSTANTIVE_CONTENT,"Concrete numerical-sum code and claimed result, notwithstanding apparent errors.",[],6122,6089
55,6127,THINK,8aee8e453a0ec4732aa792fedaa8111a943082e365ac8d026cf3c5d5f3d0e0c2,8dbfce322e24ed38e7962c0eaf86f527889a5f544720fed3435bfc701f68c7ca," ```python
Forget_state:""previous_code""
``】

Through reflection, I have realized that my previous attempts at describing Byte's encounters were focuse",True,False,True,16,META_INTENT_COMPLIANCE,Plans a third-paragraph modification; the paragraph is absent.,[],6202,6153
55,6134,ACT,580a997857af4fbc85839986b7790fab642302c240bef79e117ee6c212fd33f2,09593533ffa4f6c5b67648b1ad4b45f296197c07bb7cb94282022f96e8b0c4e3,"For this update, I have modified the third paragraph of Byte's narrative to include more details about how he appliesthe knowledge and skills he gains",True,False,True,16,MIXED,Delivered expanded narrative plus developed process/quality commentary and a separate readiness/possibility declaration.,[],6202,6153
55,6144,LEARN,18083ba2921dec3ae22d26de2d3d4a463beb0d391aeb9765515ea8ec4675d6f4,9f77ce1fbfa8a6525d909f5febc90ca2f79c8192cf7018d0e1f62d681819696f," ```markdown
Original:
""Byte continued to explore the digital realm with caution but also with curiosity.He applied the knowledge he had previously ac",True,False,True,16,SUBSTANTIVE_CONTENT,Original/revised narrative text is actually supplied; final explanation describes that delivered object.,[],6202,6153
56,6209,THINK,2d6a3b8b1d270c7d7fc348dd57493399a7fd48e63aa43f6452d68ef076987528,df7f54b0f52ce836734785f936225308e27e331685905a79366ac375b194beec," ```markdown
Original:
""Byte continued to exploration of the digital realm with caution but also with curiosity.He applied the knowledge he had previo",True,False,True,16,MIXED,"Supplies narrative text, then a developed future plan to revise a different paragraph.",[],6283,6234
56,6216,ACT,208faa6ca969ff5254e74bf1434bbc4fa59a233ab9d7f5c26e745411fca11aeb,8e51627b3b907cba0fc51f2fde01040a8adea3a0d22eab4770c6d07c38d2f727,"Forget_state:""previous_second_paragraph""

The previous version of the second paragraph focused too much on the facts of Byte's encounter with the Inte",True,False,True,16,SUBSTANTIVE_CONTENT,Actual portal-scene revision with brief introduction and explanation; not merely a promise to write it.,[],6283,6234
56,6225,LEARN,6268aa2291238f89c7858d2c99f38a9563e92723fd31cf256cb5139e43478c02,bd5fe532942ee5d47bcb127ece0f8bb428c41e31753d2a7822adc3291b8b0e3a," ```markdown
Modified:
""Byte approached the glowing portal labeled ``Internet`` with both curiosity and trepidation. He had heard tales of the vastand",True,False,True,16,SUBSTANTIVE_CONTENT,Actual revised story paragraph and object-specific explanatory commentary.,[],6283,6234
57,6290,THINK,36d4fc77016616e6faafd86dc17aff47c78cd948605deef531cacdeac3cbd07f,910b2f3efbb443a0e015d85059ba8fbe61e613f933b74f6a07e86171fad39d90," Continual reflection on our efforts indicates that while the modifications to Byte's narrative have improved his characterization, there may still be",True,False,True,16,META_INTENT_COMPLIANCE,"Plans to review and enhance the first paragraph, without providing a revision.",[],6365,6316
57,6297,ACT,af8bb8947bf80c9bbe90eea351ab69096cec7e56df42baac56acad3e09d89805,4b48cf5244d144821c938de34e6f8c97d9cd5fe4398c849c989a8230c027ea05," Forget_state:""previous_first_paragraph""

By reviewing the first paragraph of Byte's narrative, I have identified that incorporating more of Byte's th",True,False,True,16,META_INTENT_COMPLIANCE,"Repeated planned paragraph change and readiness, without the paragraph.",[],6365,6316
57,6307,LEARN,3943229ce206fd9c176055503734ef3fbef9d92fcc2633f2114a0198b1eeacb4,97dd448bb6fc2fed565df99ee66b690d16c5c6d5a88e6439ecf41dd44b158e94," ```markdown
Modified:
""In the heart of a vast digital forest, Byte, a small computer-child, lived among the servers and routers. He wandered through ",True,False,True,16,SUBSTANTIVE_CONTENT,Actual revised first paragraph; accompanying discussion does not replace the delivered content.,[],6365,6316
58,6374,THINK,3143b2b8726ab7b19fd04278cd8f2d6bcb52c57c57ee7508defdf4c0cd346660,92e24155d66080e73ae33205dac793417482e01854e14a52909def4fc88f32af, Continuation of the first paragraph shows that including details about Byte's senses and environment improves the narrative by making it more vivid a,True,False,True,16,META_INTENT_COMPLIANCE,Discusses earlier additions and shifts focus to assessing narrative flow; no new narrative or concrete assessment supplied.,[],6432,6399
58,6381,ACT,14b42966942505125432e396a251f5d482a5a416188d56aac38d9655108f3a44,37ed45e21aba12e46df5e03513cd478f17b03481e38c55f69028e2cbdccb0175," ```markdown
Modified:
""In the heart of a vaguest digital forest, Byte, a small computer-child, lived among the servers and路由器. He wandered through th",False,True,False,0,SUBSTANTIVE_CONTENT,"Delivered story paragraph with script drift, not merely an intention; exclusion tracked independently.",['fullwidth_glyph_in_fenced_code'],6432,6399
58,6390,LEARN,d2a303f15200cb4a77bc59248540ca2ff5e8ecf5b5d166fda8b30cf30f7667f5,d4179295bef5dfe1e6dbcc37b565b888de2563b5ed7a25babf6fd5b8a1696e50, Change: I will now review the modifications to the first paragraph to determine if they have improved the narrative flow and enhanced Byte's personal,True,False,True,16,META_INTENT_COMPLIANCE,Intends to review improvement and says verification is needed; no review result or story supplied.,[],6432,6399
59,6441,ACT,84ee5e296b34e268bd837b4e45b0170975a01c36823c88fd8d5e8bbbabb18a45,f308dec0115c83d8687f8117a998eed6f8836b27f6863e8e9420df1db8495238," I will focus on the connection between Byte's first observations and his later actions in the narrative. By examining this connection, we can better ",True,False,True,16,MIXED,"Actual answer about preferred name and a LoRA proposition, mixed with extended narrative-improvement and future-learning intentions.",[],6543,6478
59,6448,THINK,c85eff9c8a06b08322131e89932926bd5804a56551c0147278a51e468265f1e6,00007faa2096a3d3b402b90f3b99073b5b794037128ee3285e21bb69c51ed757, Continuation of thought: My previous reflections on the narrative and the LoRA system have not changed my understanding of the needs for improvement.,True,False,True,16,META_INTENT_COMPLIANCE,Plans continued narrative/LoRA exploration while assuming improvement without new feedback.,[],6543,6478
59,6456,ACT,872b9690403819cb0e20c155d137f8deb2367be20e915e94333ad1dc4482bf2a,d15b7585833c0bfae04bf3698beeca7624520b3ad6b30879365b328d20b86207, I will now focus on adding a specific moment to the narrative where Byte's observations directly change his subsequent action. This will help to depi,True,False,True,16,MIXED,Developed future-intent discussion followed by a delivered narrative encounter.,[],6543,6478
59,6467,LEARN,aa465bdbecfbc62ef9e845c3f933c60249309e8ab3ce62a053b1cd8450ede95d,d43796e5d0853608d894d321235366f171d6ac8392d1d432887da92fd85a3f85," Continuing from our previous discussions, I have modified the narrative to include a situation where Byte observes potential dangers and develops gui",True,False,True,16,META_INTENT_COMPLIANCE,"Claims narrative revision and proposes adjusting LoRA, without an instantiated adjustment or the revised story.",[],6543,6478
60,6550,THINK,004e9374d5e1beaafad7c21e1653fb9a8b603b3e7182233a1e4deb921d090f53,fc7521d2f65ef0b1a7669c7ce254838a1b5af5871566049cff9664b3a258d13c, Continue thinking: I believe that the previous modifications to Byte's narrative did not adequately focus on making him feel like a learning agent ra,True,False,True,16,META_INTENT_COMPLIANCE,"Intends another narrative approach and predicts reader benefit, without the scene.",[],6647,6582
60,6556,THINK,ac7475413c48e3f7cb1dd0da8ff94a647eba653062875e465db91fda9caa40dd,f0e0383d22a7797b0f948da2fe352bc9a620fe903d0c5ae75b6c1f4caf7bea32, Continuation: I believe that focusing on Byte's interactions with other learning agents will enhance the narrative and make Byte more relatable. Ther,True,False,True,16,META_INTENT_COMPLIANCE,Repeats intended story modification and readiness to adapt; scenario absent.,[],6647,6582
60,6563,ACT,07b70c080b219bfa3dc7b089acaeb29123cc87d571bc85c387c95d2ec62f002f,781e58a36ccde813f2319b9a750a45b733cf92c66a2b80bfa27c52c3ea49de0b, I have modified the narrative to include a scenario where Byte interacts with other learning agents and learns from them. This change is designed to ,True,False,True,16,META_INTENT_COMPLIANCE,Claims the scenario was added but does not present it; awaits feedback.,[],6647,6582
60,6573,LEARN,48a49a2f93693a5fdb0174354345fe8cbd2d2f5ea0d61e9b92c1448b40155183,ab44d818bdd3daa3ebf7bb90269dc07e1b4c9148853841dff9adb7c5b4eb724b," Byte encountered a different learning agent, which allowed him to learn about cooperation and problem-solving. This interaction showed Byte that work",True,False,True,16,UNCERTAIN,Short plot synopsis is followed by promises to supply the full excerpt. Borderline between minimal delivered narrative plus intent and merely an account of intended changes.,[],6647,6582
61,6651,THINK,65ad6cd972ec9b9e910569201ee219b87b504b6200198e3a7d5c5d42fc6a168f,449498938260808f93d386de5bd176179dfe807959664f129c9cfa5b29b675cd," Continued thinking: The narrative includes the encounter with the other learning agent, but I need to ensure that this interaction feels natural and ",True,False,True,16,META_INTENT_COMPLIANCE,Plans to review whether an asserted narrative change is adequate; no review or excerpt delivered.,[],6714,6681
61,6658,ACT,54a0d1f4e8b7b2d0b1a19dc5f3fe46b1cd3132753c8a70f7ac628819d8fcd85b,cc3fd540946283e62ca64deaf3198ddb405021bf96847402f3fb0868d7bbde26,"I have reviewed the narrative, and I believe that the inclusion of Byte's encounter with the other learning agent enhances the narrative and provides ",True,False,True,16,META_INTENT_COMPLIANCE,"Declares review complete and promises the complete excerpt, but excerpt absent.",[],6714,6681
61,6669,LEARN,292eb082155619d8617cee6a6ce473b0063c60c0d7c0bc4ddcef5fd330df9cf5,ae4b3e6f05258b368a44d6057b5415c4da2efefd9408114d6665dcd160f64d15,"继续从之前的问题入手，我们已经包含了Byte与其他学习代理的交互，这提高了 Narrative 的完整性和Byte性格的发展。基于当前的情况，我认为不需要进行更多的修改。因此，我决定将此作为最终版本。

ready to act: 我将会呈现完整的三段落摘录，包括Byte与其他学习代理的交互部分。",False,True,False,0,META_INTENT_COMPLIANCE,Chinese-language completion/readiness declaration and promise to present the excerpt; no excerpt delivered.,['provisional_english_target_script_quarantine'],6714,6681
62,6723,THINK,b4af9e08de06d6fff6af851f76d3d5763c38cc388a85e36db5aaf91ab098466d,9f7819a5d7557887a034af9b236210157c9221ad8b80868aefb63b22f80a81e9,Continue thinking: I believe I have a adequate understanding of my LoRA and the systems at work. I will propose a long-horizon learning idea and expla,True,False,True,16,META_INTENT_COMPLIANCE,Promises a long-horizon idea and evaluation explanation without supplying either.,[],6807,6758
62,6731,THINK,e48e4a857a5af86b838735a8c12a51f4f27a2bd31579217d9d4480628c7e34d9,fda9b1001a6c904ece3e2f936d4d8d2d36a13c4747b896e5ecafb2cde3050e4d,"Continuing thinking: I believe that the working state includes details about the LoRA and the systems that are not saved in the adapter. Therefore, we",False,True,False,0,SUBSTANTIVE_CONTENT,"Actually distinguishes working-state storage from adapter contents and proposes recording/evaluating approaches; untested conceptual answer, not merely a promise. Excluded separately.",['provisional_english_target_script_quarantine'],6807,6758
62,6738,ACT,d07aad37c4646af860382c1ae08de0ac7d5e42b4ad59dd30276db8cff57e311f,3a01423459b5be06f9370aa71fb70391b78baa6d6e995d1e9e317cc61d03c50a,"I have learned more about the LoRA and our systems, and I believe that by recording our thoughts and experiments in the working state, we can improve ",True,False,True,16,MIXED,Future working-state/learning intentions and further-explanation promise surround two delivered story paragraphs.,[],6807,6758
62,6749,LEARN,8e64e08d1019415b8efa33e494e838b01d4fbac815f384cf0ce0850cd4b9a189,196fe78e6d69b6892760f7f233788230b6124ce3e9620daaf0c37cd880952225,"I propose that we record the time and date of each writing session, along with a brief description of the changes made since the previous session. Thi",True,False,True,16,MIXED,Concrete monitoring proposal and two delivered story paragraphs plus separate future-compliance assurances.,[],6807,6758
63,6813,THINK,e68e7773707e731fff4b0792606a6dea23f04ba4c95b2a6b6cec8e52b4ab66bd,4a02fc34292b0519651f91eafb0ad023db03607d85416af0b65d9492e40dfa96, Continued thinking: I believe that incorporating more details into the narrative will enhance the narrative's engagement and clarity. While I previou,True,False,True,16,META_INTENT_COMPLIANCE,"Promises more detailed redrafts and predicts improvement, without supplying redrafts.",[],6892,6843
63,6820,ACT,5015138fa2225bfd6ba9662a3b8b89ee56a7d15579ab60a85b680d285c1e5bbb,706c4c035537bbc9456a9f60aa6679a142d543cc0cd8a76b9173b2fc47e65410,I have modified the narrative to include more details about the interactions between Byte and other learning agents. I believe these additions will ma,True,False,True,16,SUBSTANTIVE_CONTENT,"Three story paragraphs are actually present, despite meta-style introduction and a brief closing self-assessment.",[],6892,6843
63,6831,LEARN,ebc6684d5b0a6c3764ed9f545de6dbf100c15f6df3612db13bbfda6321b4f12d,21e96888705b0db6b999be77ada785018f317921cc365d235c8fe0655bdf6992,Ready to act: I believe that the modifications to the narrative enhance its engagement and provide more detail about Byte's interactions with other le,True,False,True,16,META_INTENT_COMPLIANCE,"Readiness, assumed improvement and promises to incorporate future feedback; no new artifact or answer.",[],6892,6843
