life,arm,sleep,n_items,n_thinking,n_qa,n_episodic,n_reflection,n_principle,n_other,n_notes,first_person,prospective,retrospective,generic,specific,mean_note_words,prev_sleep,cumulative,n_new,n_dropped,new_n_notes,new_first_person,new_prospective,new_retrospective,new_generic,new_specific,new_mean_note_words
R2_B_seed0,R2,0032,128,38,41,8,0,0,41,22,0.45454545454545453,0.6363636363636364,0.09090909090909091,0.3181818181818182,0.45454545454545453,31.954545454545453,,,,,,,,,,,
R2_B_seed0,R2,0064,232,72,76,8,0,0,76,54,0.2222222222222222,0.42592592592592593,0.07407407407407407,0.18518518518518517,0.5185185185185185,22.185185185185187,0032,True,104,0,32,0.0625,0.28125,0.0625,0.09375,0.5625,15.46875
R2_B_seed0,R2,0096,287,85,88,8,0,0,106,67,0.19402985074626866,0.373134328358209,0.1044776119402985,0.14925373134328357,0.5223880597014925,21.62686567164179,0064,True,55,0,13,0.07692307692307693,0.15384615384615385,0.23076923076923078,0.0,0.5384615384615384,19.307692307692307
R2_B_seed0,R2,0128,310,92,91,8,0,0,119,71,0.18309859154929578,0.352112676056338,0.09859154929577464,0.14084507042253522,0.5070422535211268,21.154929577464788,0096,True,23,0,4,0.0,0.0,0.0,0.0,0.25,13.25
R2_B_seed0,R2,0160,356,125,95,8,0,0,128,102,0.12745098039215685,0.2549019607843137,0.0784313725490196,0.09803921568627451,0.5,19.49019607843137,0128,True,46,0,31,0.0,0.03225806451612903,0.03225806451612903,0.0,0.4838709677419355,15.67741935483871
R2_B_seed0,R2,0192,418,165,100,8,0,0,145,140,0.1,0.2,0.18571428571428572,0.07142857142857142,0.42142857142857143,19.05,0160,True,62,0,38,0.02631578947368421,0.05263157894736842,0.47368421052631576,0.0,0.21052631578947367,17.86842105263158
R2_B_seed0,R2,0224,501,206,113,8,0,0,174,175,0.08,0.1657142857142857,0.17714285714285713,0.05714285714285714,0.37142857142857144,18.52,0192,True,83,0,35,0.0,0.02857142857142857,0.14285714285714285,0.0,0.17142857142857143,16.4
R2_B_seed0,R2,0256,550,246,115,8,0,0,181,214,0.06542056074766354,0.13551401869158877,0.14485981308411214,0.04672897196261682,0.35046728971962615,17.990654205607477,0224,True,49,0,39,0.0,0.0,0.0,0.0,0.2564102564102564,15.615384615384615
R2_B_seed0,R2,0288,581,276,115,8,0,0,182,244,0.05737704918032787,0.11885245901639344,0.13934426229508196,0.040983606557377046,0.3319672131147541,17.688524590163933,0256,True,31,0,30,0.0,0.0,0.1,0.0,0.2,15.533333333333333
R2_B_seed0,R2,0320,646,309,126,8,0,0,203,276,0.050724637681159424,0.10507246376811594,0.12318840579710146,0.036231884057971016,0.3079710144927536,17.340579710144926,0288,True,65,0,32,0.0,0.0,0.0,0.0,0.125,14.6875
R2_B_seed0,R2,0352,702,345,132,8,0,0,217,311,0.04501607717041801,0.0932475884244373,0.10932475884244373,0.03215434083601286,0.2733118971061093,17.118971061093248,0320,True,56,0,35,0.0,0.0,0.0,0.0,0.0,15.371428571428572
R2_B_seed0,R2,0384,748,383,133,8,0,0,224,347,0.040345821325648415,0.08357348703170028,0.09798270893371758,0.02881844380403458,0.24495677233429394,16.98270893371758,0352,True,46,0,36,0.0,0.0,0.0,0.0,0.0,15.805555555555555
R2_B_seed0,R2,0416,786,412,134,10,0,0,230,375,0.037333333333333336,0.07733333333333334,0.096,0.02666666666666667,0.22933333333333333,17.042666666666666,0384,True,38,0,28,0.0,0.0,0.07142857142857142,0.0,0.03571428571428571,17.785714285714285
R2_B_seed0,R2,0448,810,436,134,10,0,0,230,398,0.03768844221105527,0.0728643216080402,0.09045226130653267,0.02512562814070352,0.2185929648241206,17.103015075376884,0416,True,24,0,23,0.043478260869565216,0.0,0.0,0.0,0.043478260869565216,18.08695652173913
R2_B_seed0,R2,0480,827,452,134,10,0,0,231,412,0.03640776699029126,0.0703883495145631,0.08737864077669903,0.024271844660194174,0.21601941747572814,17.400485436893202,0448,True,17,0,14,0.0,0.0,0.0,0.0,0.14285714285714285,25.857142857142858
R2_B_seed0,R2,0512,856,476,134,10,0,0,236,433,0.03464203233256351,0.06697459584295612,0.08314087759815242,0.023094688221709007,0.22863741339491916,17.669745958429562,0480,True,29,0,21,0.0,0.0,0.0,0.0,0.47619047619047616,22.952380952380953
R2_B_seed0,R2,0544,887,502,134,11,0,0,240,458,0.034934497816593885,0.06331877729257641,0.07860262008733625,0.021834061135371178,0.25109170305676853,17.633187772925766,0512,True,31,0,25,0.04,0.0,0.0,0.0,0.64,17.0
R2_B_seed0,R2,0576,923,536,134,11,0,0,242,490,0.0326530612244898,0.05918367346938776,0.07346938775510205,0.02040816326530612,0.2816326530612245,17.555102040816326,0544,True,36,0,32,0.0,0.0,0.0,0.0,0.71875,16.4375
R2_B_seed0,R2,0608,959,572,134,11,0,0,242,524,0.03625954198473282,0.061068702290076333,0.07061068702290077,0.019083969465648856,0.30343511450381677,17.856870229007633,0576,True,36,0,34,0.08823529411764706,0.08823529411764706,0.029411764705882353,0.0,0.6176470588235294,22.205882352941178
R2_B_seed0,R2,0640,993,605,134,11,0,0,243,553,0.034358047016274866,0.05786618444846293,0.06690777576853527,0.018083182640144666,0.30560578661844484,17.824593128390596,0608,True,34,0,29,0.0,0.0,0.0,0.0,0.3448275862068966,17.24137931034483
R2_B_seed0,R2,0672,1023,633,134,11,0,0,245,575,0.03304347826086956,0.05565217391304348,0.06434782608695652,0.017391304347826087,0.31130434782608696,17.63826086956522,0640,True,30,0,22,0.0,0.0,0.0,0.0,0.45454545454545453,12.954545454545455
R2_B_seed0,R2,0704,1045,654,134,11,0,0,246,592,0.03209459459459459,0.05574324324324324,0.0625,0.016891891891891893,0.32432432432432434,18.10135135135135,0672,True,22,0,17,0.0,0.058823529411764705,0.0,0.0,0.7647058823529411,33.76470588235294
R2_B_seed0,R2,0736,1069,678,134,11,0,0,246,612,0.03104575163398693,0.05555555555555555,0.06045751633986928,0.016339869281045753,0.33169934640522875,18.25,0704,True,24,0,20,0.0,0.05,0.0,0.0,0.55,22.65
R2_B_seed0,R2,0768,1095,702,134,11,0,0,248,630,0.031746031746031744,0.05555555555555555,0.05873015873015873,0.015873015873015872,0.33174603174603173,18.123809523809523,0736,True,26,0,18,0.05555555555555555,0.05555555555555555,0.0,0.0,0.3333333333333333,13.833333333333334
R2_B_seed0,R2,0800,1125,729,134,11,0,0,251,651,0.030721966205837174,0.055299539170506916,0.05683563748079877,0.015360983102918587,0.3379416282642089,18.15514592933948,0768,True,30,0,21,0.0,0.047619047619047616,0.0,0.0,0.5238095238095238,19.095238095238095
R2_B_seed0,R2,0832,1143,747,134,11,0,0,251,661,0.030257186081694403,0.05597579425113464,0.05597579425113464,0.015128593040847202,0.3388804841149773,18.140695915279878,0800,True,18,0,10,0.0,0.1,0.0,0.0,0.4,17.2
R2_B_seed0,R2,0864,1160,761,134,11,0,0,254,672,0.02976190476190476,0.05654761904761905,0.05505952380952381,0.01488095238095238,0.34077380952380953,18.13095238095238,0832,True,17,0,11,0.0,0.09090909090909091,0.0,0.0,0.45454545454545453,17.545454545454547
R2_B_seed0,R2,0896,1173,773,134,11,0,0,255,674,0.02967359050445104,0.05637982195845697,0.05489614243323442,0.01483679525222552,0.34124629080118696,18.212166172106826,0864,True,13,0,2,0.0,0.0,0.0,0.0,0.5,45.5
R2_B_seed0,R2,0928,1196,795,134,11,0,0,256,683,0.029282576866764276,0.055636896046852125,0.05417276720351391,0.014641288433382138,0.3440702781844802,18.412884333821378,0896,True,23,0,9,0.0,0.0,0.0,0.0,0.5555555555555556,33.44444444444444
R2_B_seed0,R2,0960,1210,809,134,11,0,0,256,691,0.02894356005788712,0.05499276410998553,0.053545586107091175,0.01447178002894356,0.34442836468885674,18.575976845151953,0928,True,14,0,8,0.0,0.0,0.0,0.0,0.375,32.5
R2_B_seed0,R2,0992,1234,832,134,11,0,0,257,696,0.028735632183908046,0.05459770114942529,0.05316091954022988,0.014367816091954023,0.34195402298850575,18.492816091954023,0960,True,24,0,5,0.0,0.0,0.0,0.0,0.0,7.0
R2_B_seed0,R2,1024,1247,845,134,11,0,0,257,697,0.028694404591104734,0.054519368723098996,0.05308464849354376,0.014347202295552367,0.3428981348637016,18.55954088952654,0992,True,13,0,1,0.0,0.0,0.0,0.0,1.0,65.0
R2_B_seed1,R2,0032,120,37,38,6,0,0,39,15,0.26666666666666666,0.26666666666666666,0.0,0.2,0.26666666666666666,16.333333333333332,,,,,,,,,,,
R2_B_seed1,R2,0064,226,71,72,10,0,0,73,48,0.14583333333333334,0.10416666666666667,0.0625,0.16666666666666666,0.6041666666666666,15.125,0032,True,106,0,33,0.09090909090909091,0.030303030303030304,0.09090909090909091,0.15151515151515152,0.7575757575757576,14.575757575757576
R2_B_seed1,R2,0096,279,87,87,10,0,0,95,64,0.125,0.09375,0.0625,0.125,0.5625,15.609375,0064,True,53,0,16,0.0625,0.0625,0.0625,0.0,0.4375,17.0625
R2_B_seed1,R2,0128,293,89,89,10,0,0,105,66,0.12121212121212122,0.09090909090909091,0.06060606060606061,0.12121212121212122,0.5757575757575758,15.727272727272727,0096,True,14,0,2,0.0,0.0,0.0,0.0,1.0,19.5
R2_B_seed1,R2,0160,367,120,103,10,0,0,134,95,0.09473684210526316,0.08421052631578947,0.042105263157894736,0.08421052631578947,0.5157894736842106,16.126315789473683,0128,True,74,0,29,0.034482758620689655,0.06896551724137931,0.0,0.0,0.3793103448275862,17.03448275862069
R2_B_seed1,R2,0192,467,154,125,10,0,0,178,129,0.08527131782945736,0.08527131782945736,0.031007751937984496,0.06201550387596899,0.5348837209302325,16.899224806201552,0160,True,100,0,34,0.058823529411764705,0.08823529411764706,0.0,0.0,0.5882352941176471,19.058823529411764
R2_B_seed1,R2,0224,513,191,126,10,0,0,186,166,0.10240963855421686,0.0783132530120482,0.024096385542168676,0.04819277108433735,0.5542168674698795,17.180722891566266,0192,True,46,0,37,0.16216216216216217,0.05405405405405406,0.0,0.0,0.6216216216216216,18.16216216216216
R2_B_seed1,R2,0256,552,226,126,10,0,0,190,201,0.09950248756218906,0.06965174129353234,0.01990049751243781,0.03980099502487562,0.5572139303482587,17.223880597014926,0224,True,39,0,35,0.08571428571428572,0.02857142857142857,0.0,0.0,0.5714285714285714,17.428571428571427
R2_B_seed1,R2,0288,591,264,126,10,0,0,191,239,0.13389121338912133,0.058577405857740586,0.016736401673640166,0.03765690376569038,0.5481171548117155,17.175732217573223,0256,True,39,0,38,0.3157894736842105,0.0,0.0,0.02631578947368421,0.5,16.92105263157895
R2_B_seed1,R2,0320,621,291,126,10,0,0,194,266,0.13157894736842105,0.05263157894736842,0.015037593984962405,0.03383458646616541,0.5601503759398496,17.203007518796994,0288,True,30,0,27,0.1111111111111111,0.0,0.0,0.0,0.6666666666666666,17.444444444444443
R2_B_seed1,R2,0352,658,327,126,10,0,0,195,302,0.1390728476821192,0.046357615894039736,0.013245033112582781,0.029801324503311258,0.5562913907284768,17.056291390728475,0320,True,37,0,36,0.19444444444444445,0.0,0.0,0.0,0.5277777777777778,15.972222222222221
R2_B_seed1,R2,0384,691,358,126,10,0,0,197,333,0.15615615615615616,0.042042042042042045,0.012012012012012012,0.03003003003003003,0.5495495495495496,16.963963963963963,0352,True,33,0,31,0.3225806451612903,0.0,0.0,0.03225806451612903,0.4838709677419355,16.06451612903226
R2_B_seed1,R2,0416,724,390,126,10,0,0,198,364,0.14285714285714285,0.038461538461538464,0.01098901098901099,0.03021978021978022,0.5741758241758241,16.967032967032967,0384,True,33,0,31,0.0,0.0,0.0,0.03225806451612903,0.8387096774193549,17.0
R2_B_seed1,R2,0448,753,418,126,10,0,0,199,392,0.1326530612244898,0.03571428571428571,0.01020408163265306,0.030612244897959183,0.5994897959183674,17.181122448979593,0416,True,29,0,28,0.0,0.0,0.0,0.03571428571428571,0.9285714285714286,19.964285714285715
R2_B_seed1,R2,0480,783,448,126,10,0,0,199,421,0.13064133016627077,0.03800475059382423,0.011876484560570071,0.028503562945368172,0.6247030878859857,17.64608076009501,0448,True,30,0,29,0.10344827586206896,0.06896551724137931,0.034482758620689655,0.0,0.9655172413793104,23.93103448275862
R2_B_seed1,R2,0512,806,470,126,10,0,0,200,443,0.12641083521444696,0.03611738148984198,0.011286681715575621,0.02708803611738149,0.6433408577878104,17.81941309255079,0480,True,23,0,22,0.045454545454545456,0.0,0.0,0.0,1.0,21.136363636363637
R2_B_seed1,R2,0544,847,506,126,10,0,0,205,479,0.1336116910229645,0.03966597077244259,0.010438413361169102,0.025052192066805846,0.6680584551148225,18.171189979123174,0512,True,41,0,36,0.2222222222222222,0.08333333333333333,0.0,0.0,0.9722222222222222,22.5
R2_B_seed1,R2,0576,881,538,126,10,0,0,207,511,0.13894324853228962,0.046966731898238745,0.009784735812133072,0.023483365949119372,0.6888454011741683,18.596868884540118,0544,True,34,0,32,0.21875,0.15625,0.0,0.0,1.0,24.96875
R2_B_seed1,R2,0608,915,570,126,10,0,0,209,543,0.15101289134438306,0.058931860036832415,0.009208103130755065,0.022099447513812154,0.7071823204419889,19.044198895027623,0576,True,34,0,32,0.34375,0.25,0.0,0.0,1.0,26.1875
R2_B_seed1,R2,0640,948,602,126,10,0,0,210,575,0.1791304347826087,0.0817391304347826,0.008695652173913044,0.020869565217391306,0.7234782608695652,19.43304347826087,0608,True,33,0,32,0.65625,0.46875,0.0,0.0,1.0,26.03125
R2_B_seed1,R2,0672,982,635,126,10,0,0,211,608,0.21710526315789475,0.11019736842105263,0.008223684210526315,0.019736842105263157,0.7384868421052632,19.82730263157895,0640,True,34,0,33,0.8787878787878788,0.6060606060606061,0.0,0.0,1.0,26.696969696969695
R2_B_seed1,R2,0704,1019,670,126,10,0,0,213,642,0.2554517133956386,0.14797507788161993,0.00778816199376947,0.018691588785046728,0.7523364485981309,20.24454828660436,0672,True,37,0,34,0.9411764705882353,0.8235294117647058,0.0,0.0,1.0,27.705882352941178
R2_B_seed1,R2,0736,1054,700,126,13,0,0,215,672,0.28125,0.16964285714285715,0.00744047619047619,0.017857142857142856,0.7633928571428571,20.641369047619047,0704,True,35,0,30,0.8333333333333334,0.6333333333333333,0.0,0.0,1.0,29.133333333333333
R2_B_seed1,R2,0768,1085,729,126,13,0,0,217,701,0.30385164051355207,0.19400855920114124,0.007132667617689016,0.017118402282453638,0.7731811697574893,20.99286733238231,0736,True,31,0,29,0.8275862068965517,0.7586206896551724,0.0,0.0,1.0,29.137931034482758
R2_B_seed1,R2,0800,1112,755,126,13,0,0,218,727,0.32737276478679506,0.2200825309491059,0.0068775790921595595,0.016506189821182942,0.781292984869326,21.339752407152684,0768,True,27,0,26,0.9615384615384616,0.9230769230769231,0.0,0.0,1.0,30.692307692307693
R2_B_seed1,R2,0832,1141,783,126,13,0,0,219,755,0.3483443708609272,0.24503311258278146,0.006622516556291391,0.015894039735099338,0.7894039735099337,21.68476821192053,0800,True,29,0,28,0.8928571428571429,0.8928571428571429,0.0,0.0,1.0,30.642857142857142
R2_B_seed1,R2,0864,1173,813,126,13,0,0,221,785,0.3719745222929936,0.2713375796178344,0.006369426751592357,0.015286624203821656,0.7961783439490446,22.0,0832,True,32,0,30,0.9666666666666667,0.9333333333333333,0.0,0.0,0.9666666666666667,29.933333333333334
R2_B_seed1,R2,0896,1192,831,126,13,0,0,222,803,0.3848069738480697,0.28144458281444584,0.0062266500622665,0.014943960149439602,0.797011207970112,22.183063511830635,0864,True,19,0,18,0.9444444444444444,0.7222222222222222,0.0,0.0,0.8333333333333334,30.166666666666668
R2_B_seed1,R2,0928,1216,855,126,13,0,0,222,827,0.40024183796856105,0.2962515114873035,0.006045949214026602,0.014510278113663845,0.7980652962515115,22.417170495767834,0896,True,24,0,24,0.9166666666666666,0.7916666666666666,0.0,0.0,0.8333333333333334,30.25
R2_B_seed1,R2,0960,1242,881,126,13,0,0,222,853,0.4091441969519343,0.30363423212192264,0.005861664712778429,0.01406799531066823,0.7913247362250879,22.562719812426728,0928,True,26,0,26,0.6923076923076923,0.5384615384615384,0.0,0.0,0.5769230769230769,27.192307692307693
R2_B_seed1,R2,0992,1263,902,126,13,0,0,222,874,0.41533180778032036,0.30892448512585813,0.005720823798627002,0.013729977116704805,0.7906178489702517,22.68878718535469,0960,True,21,0,21,0.6666666666666666,0.5238095238095238,0.0,0.0,0.7619047619047619,27.80952380952381
R2_B_seed1,R2,1024,1290,928,126,13,0,0,223,900,0.4255555555555556,0.31444444444444447,0.005555555555555556,0.013333333333333334,0.7888888888888889,22.885555555555555,0992,True,27,0,26,0.7692307692307693,0.5,0.0,0.0,0.7307692307692307,29.5
R2_B_seed5,R2,0032,113,35,39,7,0,0,32,18,0.16666666666666666,0.2777777777777778,0.05555555555555555,0.3333333333333333,0.3333333333333333,25.555555555555557,,,,,,,,,,,
R2_B_seed5,R2,0064,217,69,76,10,0,0,62,51,0.058823529411764705,0.09803921568627451,0.09803921568627451,0.21568627450980393,0.5294117647058824,18.137254901960784,0032,True,104,0,33,0.0,0.0,0.12121212121212122,0.15151515151515152,0.6363636363636364,14.090909090909092
R2_B_seed5,R2,0096,257,82,84,12,0,0,79,64,0.046875,0.09375,0.109375,0.1875,0.5625,18.296875,0064,True,40,0,13,0.0,0.07692307692307693,0.15384615384615385,0.07692307692307693,0.6923076923076923,18.923076923076923
R2_B_seed5,R2,0128,278,88,87,12,0,0,91,70,0.05714285714285714,0.1,0.12857142857142856,0.17142857142857143,0.5857142857142857,18.614285714285714,0096,True,21,0,6,0.16666666666666666,0.16666666666666666,0.3333333333333333,0.0,0.8333333333333334,22.0
R2_B_seed5,R2,0160,311,116,87,13,0,0,95,98,0.04081632653061224,0.07142857142857142,0.10204081632653061,0.1326530612244898,0.6938775510204082,17.908163265306122,0128,True,33,0,28,0.0,0.0,0.03571428571428571,0.03571428571428571,0.9642857142857143,16.142857142857142
R2_B_seed5,R2,0192,351,151,88,13,0,0,99,133,0.03759398496240601,0.06766917293233082,0.07518796992481203,0.09774436090225563,0.7744360902255639,18.68421052631579,0160,True,40,0,35,0.02857142857142857,0.05714285714285714,0.0,0.0,1.0,20.857142857142858
R2_B_seed5,R2,0224,388,186,88,13,0,0,101,168,0.02976190476190476,0.05357142857142857,0.06547619047619048,0.07738095238095238,0.8214285714285714,18.785714285714285,0192,True,37,0,35,0.0,0.0,0.02857142857142857,0.0,1.0,19.17142857142857
R2_B_seed5,R2,0256,428,219,88,14,0,0,107,201,0.024875621890547265,0.04477611940298507,0.05472636815920398,0.06467661691542288,0.8507462686567164,18.666666666666668,0224,True,40,0,33,0.0,0.0,0.0,0.0,1.0,18.060606060606062
R2_B_seed5,R2,0288,466,250,88,16,0,0,112,232,0.021551724137931036,0.03879310344827586,0.04741379310344827,0.05603448275862069,0.8706896551724138,18.79310344827586,0256,True,38,0,31,0.0,0.0,0.0,0.0,1.0,19.612903225806452
R2_B_seed5,R2,0320,515,287,88,19,0,0,121,269,0.026022304832713755,0.03345724907063197,0.048327137546468404,0.048327137546468404,0.8884758364312267,19.267657992565056,0288,True,49,0,37,0.05405405405405406,0.0,0.05405405405405406,0.0,1.0,22.243243243243242
R2_B_seed5,R2,0352,561,321,88,20,0,0,132,303,0.0297029702970297,0.0297029702970297,0.052805280528052806,0.0429042904290429,0.900990099009901,19.937293729372936,0320,True,46,0,34,0.058823529411764705,0.0,0.08823529411764706,0.0,1.0,25.235294117647058
R2_B_seed5,R2,0384,607,358,88,21,0,0,140,340,0.07647058823529412,0.026470588235294117,0.09117647058823529,0.03823529411764706,0.9117647058823529,20.388235294117646,0352,True,46,0,37,0.4594594594594595,0.0,0.40540540540540543,0.0,1.0,24.08108108108108
R2_B_seed5,R2,0416,640,390,88,22,0,0,140,372,0.10483870967741936,0.024193548387096774,0.11290322580645161,0.03494623655913978,0.9193548387096774,20.623655913978496,0384,True,33,0,32,0.40625,0.0,0.34375,0.0,1.0,23.125
R2_B_seed5,R2,0448,673,422,88,22,0,0,141,404,0.13613861386138615,0.022277227722772276,0.14108910891089108,0.03217821782178218,0.9257425742574258,21.126237623762375,0416,True,33,0,32,0.5,0.0,0.46875,0.0,1.0,26.96875
R2_B_seed5,R2,0480,709,457,88,22,0,0,142,439,0.15034168564920272,0.02050113895216401,0.1366742596810934,0.029612756264236904,0.9316628701594533,21.514806378132118,0448,True,36,0,35,0.3142857142857143,0.0,0.08571428571428572,0.0,1.0,26.0
R2_B_seed5,R2,0512,744,492,88,22,0,0,142,474,0.14135021097046413,0.0189873417721519,0.12658227848101267,0.027426160337552744,0.9367088607594937,21.845991561181435,0480,True,35,0,35,0.02857142857142857,0.0,0.0,0.0,1.0,26.0
R2_B_seed5,R2,0544,775,523,88,22,0,0,142,503,0.14314115308151093,0.017892644135188866,0.11928429423459244,0.02584493041749503,0.9363817097415507,22.12524850894632,0512,True,31,0,29,0.1724137931034483,0.0,0.0,0.0,0.9310344827586207,26.689655172413794
R2_B_seed5,R2,0576,805,553,88,22,0,0,142,533,0.1350844277673546,0.016885553470919325,0.1125703564727955,0.024390243902439025,0.9380863039399625,22.345215759849907,0544,True,30,0,30,0.0,0.0,0.0,0.0,0.9666666666666667,26.033333333333335
R2_B_seed5,R2,0608,831,577,88,22,0,0,144,554,0.13176895306859207,0.016245487364620937,0.10830324909747292,0.023465703971119134,0.9386281588447654,22.54693140794224,0576,True,26,0,21,0.047619047619047616,0.0,0.0,0.0,0.9523809523809523,27.666666666666668
R2_B_seed5,R2,0640,855,600,88,22,0,0,145,575,0.12869565217391304,0.01565217391304348,0.10434782608695652,0.022608695652173914,0.9373913043478261,22.636521739130433,0608,True,24,0,21,0.047619047619047616,0.0,0.0,0.0,0.9047619047619048,25.0
R2_B_seed5,R2,0672,876,620,88,22,0,0,146,595,0.12605042016806722,0.015126050420168067,0.10084033613445378,0.021848739495798318,0.9394957983193277,22.75294117647059,0640,True,21,0,20,0.05,0.0,0.0,0.0,1.0,26.1
R2_B_seed5,R2,0704,903,646,88,22,0,0,147,621,0.12399355877616747,0.014492753623188406,0.0966183574879227,0.020933977455716585,0.9420289855072463,22.793880837359097,0672,True,27,0,26,0.07692307692307693,0.0,0.0,0.0,1.0,23.73076923076923
R2_B_seed5,R2,0736,923,666,88,22,0,0,147,640,0.121875,0.0140625,0.09375,0.0203125,0.9421875,22.765625,0704,True,20,0,19,0.05263157894736842,0.0,0.0,0.0,0.9473684210526315,21.842105263157894
R2_B_seed5,R2,0768,940,681,88,22,0,0,149,655,0.11908396946564885,0.013740458015267175,0.0916030534351145,0.01984732824427481,0.9435114503816794,22.670229007633587,0736,True,17,0,15,0.0,0.0,0.0,0.0,1.0,18.6
R2_B_seed5,R2,0800,966,706,88,22,0,0,150,679,0.11487481590574374,0.013254786450662739,0.08836524300441827,0.01914580265095729,0.9455081001472754,22.53019145802651,0768,True,26,0,24,0.0,0.0,0.0,0.0,1.0,18.708333333333332
R2_B_seed5,R2,0832,986,725,88,22,0,0,151,698,0.11174785100286533,0.012893982808022923,0.08595988538681948,0.01862464183381089,0.9469914040114613,22.378223495702006,0800,True,20,0,19,0.0,0.0,0.0,0.0,1.0,16.94736842105263
R2_B_seed5,R2,0864,1016,755,88,22,0,0,151,727,0.10729023383768914,0.012379642365887207,0.08253094910591471,0.017881705639614855,0.9491059147180193,22.08665749656121,0832,True,30,0,29,0.0,0.0,0.0,0.0,1.0,15.068965517241379
R2_B_seed5,R2,0896,1048,787,88,22,0,0,151,759,0.10276679841897234,0.011857707509881422,0.07905138339920949,0.017127799736495388,0.9512516469038208,21.80764163372859,0864,True,32,0,32,0.0,0.0,0.0,0.0,1.0,15.46875
R2_B_seed5,R2,0928,1079,818,88,22,0,0,151,790,0.09873417721518987,0.01139240506329114,0.0759493670886076,0.016455696202531647,0.9531645569620253,21.61392405063291,0896,True,31,0,31,0.0,0.0,0.0,0.0,1.0,16.870967741935484
R2_B_seed5,R2,0960,1111,850,88,22,0,0,151,820,0.0951219512195122,0.01097560975609756,0.07317073170731707,0.015853658536585366,0.9536585365853658,21.421951219512195,0928,True,32,0,30,0.0,0.0,0.0,0.0,0.9666666666666667,16.366666666666667
R2_B_seed5,R2,0992,1143,882,88,22,0,0,151,852,0.09272300469483569,0.01056338028169014,0.07042253521126761,0.015258215962441314,0.954225352112676,21.272300469483568,0960,True,32,0,32,0.03125,0.0,0.0,0.0,0.96875,17.4375
R2_B_seed5,R2,1024,1179,915,89,22,0,0,153,872,0.09059633027522936,0.010321100917431193,0.06880733944954129,0.014908256880733946,0.9529816513761468,21.17775229357798,0992,True,36,0,20,0.0,0.0,0.0,0.0,0.9,17.15
R2_B_seed6,R2,0032,118,37,39,8,0,0,34,18,0.05555555555555555,0.3333333333333333,0.2222222222222222,0.05555555555555555,0.3333333333333333,24.333333333333332,,,,,,,,,,,
R2_B_seed6,R2,0064,237,71,83,12,0,0,71,50,0.1,0.3,0.2,0.24,0.48,19.68,0032,True,119,0,32,0.125,0.28125,0.1875,0.34375,0.5625,17.0625
R2_B_seed6,R2,0096,282,82,92,12,0,0,96,61,0.08196721311475409,0.26229508196721313,0.18032786885245902,0.21311475409836064,0.4918032786885246,19.868852459016395,0064,True,45,0,11,0.0,0.09090909090909091,0.09090909090909091,0.09090909090909091,0.5454545454545454,20.727272727272727
R2_B_seed6,R2,0128,310,91,97,12,0,0,110,69,0.07246376811594203,0.2318840579710145,0.15942028985507245,0.2318840579710145,0.5072463768115942,20.318840579710145,0096,True,28,0,8,0.0,0.0,0.0,0.375,0.625,23.75
R2_B_seed6,R2,0160,344,119,99,12,0,0,114,97,0.061855670103092786,0.1958762886597938,0.1134020618556701,0.16494845360824742,0.4536082474226804,19.515463917525775,0128,True,34,0,28,0.03571428571428571,0.10714285714285714,0.0,0.0,0.32142857142857145,17.535714285714285
R2_B_seed6,R2,0192,407,151,110,12,0,0,134,129,0.046511627906976744,0.16279069767441862,0.09302325581395349,0.13178294573643412,0.43410852713178294,19.05426356589147,0160,True,63,0,32,0.0,0.0625,0.03125,0.03125,0.375,17.65625
R2_B_seed6,R2,0224,444,183,112,12,0,0,137,161,0.037267080745341616,0.13664596273291926,0.08074534161490683,0.11180124223602485,0.422360248447205,18.58385093167702,0192,True,37,0,32,0.0,0.03125,0.03125,0.03125,0.375,16.6875
R2_B_seed6,R2,0256,476,215,112,12,0,0,137,193,0.031088082901554404,0.11398963730569948,0.07253886010362694,0.09326424870466321,0.38341968911917096,18.145077720207254,0224,True,32,0,32,0.0,0.0,0.03125,0.0,0.1875,15.9375
R2_B_seed6,R2,0288,517,247,114,12,0,0,144,225,0.02666666666666667,0.09777777777777778,0.06222222222222222,0.08,0.35555555555555557,17.622222222222224,0256,True,41,0,32,0.0,0.0,0.0,0.0,0.1875,14.46875
R2_B_seed6,R2,0320,550,278,114,12,0,0,146,256,0.0234375,0.0859375,0.0546875,0.0703125,0.32421875,17.390625,0288,True,33,0,31,0.0,0.0,0.0,0.0,0.0967741935483871,15.709677419354838
R2_B_seed6,R2,0352,582,309,114,12,0,0,147,287,0.020905923344947737,0.07665505226480836,0.04878048780487805,0.0627177700348432,0.30662020905923343,17.094076655052266,0320,True,32,0,31,0.0,0.0,0.0,0.0,0.16129032258064516,14.64516129032258
R2_B_seed6,R2,0384,611,338,114,12,0,0,147,316,0.0189873417721519,0.06962025316455696,0.04430379746835443,0.056962025316455694,0.27848101265822783,16.712025316455698,0352,True,29,0,29,0.0,0.0,0.0,0.0,0.0,12.931034482758621
R2_B_seed6,R2,0416,642,366,115,12,0,0,149,344,0.023255813953488372,0.06395348837209303,0.040697674418604654,0.05232558139534884,0.25872093023255816,16.218023255813954,0384,True,31,0,28,0.07142857142857142,0.0,0.0,0.0,0.03571428571428571,10.642857142857142
R2_B_seed6,R2,0448,659,383,115,12,0,0,149,361,0.0332409972299169,0.060941828254847646,0.038781163434903045,0.04986149584487535,0.24653739612188366,15.99168975069252,0416,True,17,0,17,0.23529411764705882,0.0,0.0,0.0,0.0,11.411764705882353
R2_B_seed6,R2,0480,681,404,115,12,0,0,150,382,0.07591623036649214,0.060209424083769635,0.03664921465968586,0.04712041884816754,0.23298429319371727,15.93193717277487,0448,True,22,0,21,0.8095238095238095,0.047619047619047616,0.0,0.0,0.0,14.904761904761905
R2_B_seed6,R2,0512,699,422,115,12,0,0,150,400,0.115,0.0575,0.035,0.045,0.2225,15.8025,0480,True,18,0,18,0.9444444444444444,0.0,0.0,0.0,0.0,13.055555555555555
R2_B_seed6,R2,0544,715,438,115,12,0,0,150,416,0.14903846153846154,0.055288461538461536,0.03365384615384615,0.04326923076923077,0.21394230769230768,15.694711538461538,0512,True,16,0,16,1.0,0.0,0.0,0.0,0.0,13.0
R2_B_seed6,R2,0576,738,461,115,12,0,0,150,439,0.19362186788154898,0.05239179954441914,0.03189066059225513,0.04100227790432802,0.20273348519362186,15.574031890660592,0544,True,23,0,23,1.0,0.0,0.0,0.0,0.0,13.391304347826088
R2_B_seed6,R2,0608,754,477,115,12,0,0,150,455,0.22197802197802197,0.05054945054945055,0.03076923076923077,0.03956043956043956,0.1956043956043956,15.58021978021978,0576,True,16,0,16,1.0,0.0,0.0,0.0,0.0,15.75
R2_B_seed6,R2,0640,770,492,115,12,0,0,151,470,0.24680851063829787,0.04893617021276596,0.029787234042553193,0.03829787234042553,0.18936170212765957,15.523404255319148,0608,True,16,0,15,1.0,0.0,0.0,0.0,0.0,13.8
R2_B_seed6,R2,0672,785,507,115,12,0,0,151,485,0.27010309278350514,0.04742268041237113,0.0288659793814433,0.03711340206185567,0.18350515463917524,15.447422680412371,0640,True,15,0,15,1.0,0.0,0.0,0.0,0.0,13.066666666666666
R2_B_seed6,R2,0704,801,523,115,12,0,0,151,501,0.2934131736526946,0.04790419161676647,0.027944111776447105,0.03592814371257485,0.17764471057884232,15.425149700598803,0672,True,16,0,16,1.0,0.0625,0.0,0.0,0.0,14.75
R2_B_seed6,R2,0736,822,544,115,12,0,0,151,522,0.3218390804597701,0.04597701149425287,0.02681992337164751,0.034482758620689655,0.17049808429118773,15.354406130268199,0704,True,21,0,21,1.0,0.0,0.0,0.0,0.0,13.666666666666666
R2_B_seed6,R2,0768,841,563,115,12,0,0,151,541,0.3456561922365989,0.04436229205175601,0.025878003696857672,0.033271719038817,0.1645101663585952,15.271719038817006,0736,True,19,0,19,1.0,0.0,0.0,0.0,0.0,13.0
R2_B_seed6,R2,0800,852,574,115,12,0,0,151,552,0.358695652173913,0.043478260869565216,0.025362318840579712,0.03260869565217391,0.161231884057971,15.25,0768,True,11,0,11,1.0,0.0,0.0,0.0,0.0,14.181818181818182
R2_B_seed6,R2,0832,864,585,115,12,0,0,152,563,0.37122557726465366,0.04262877442273535,0.02486678507992895,0.03197158081705151,0.15808170515097691,15.206039076376554,0800,True,12,0,11,1.0,0.0,0.0,0.0,0.0,13.0
R2_B_seed6,R2,0864,876,597,115,12,0,0,152,575,0.3843478260869565,0.04173913043478261,0.02434782608695652,0.03130434782608696,0.15478260869565216,15.165217391304347,0832,True,12,0,12,1.0,0.0,0.0,0.0,0.0,13.25
R2_B_seed6,R2,0896,886,606,115,12,0,0,153,584,0.3938356164383562,0.0410958904109589,0.023972602739726026,0.030821917808219176,0.1523972602739726,15.145547945205479,0864,True,10,0,9,1.0,0.0,0.0,0.0,0.0,13.88888888888889
R2_B_seed6,R2,0928,910,630,115,12,0,0,153,608,0.41776315789473684,0.039473684210526314,0.023026315789473683,0.029605263157894735,0.14638157894736842,15.149671052631579,0896,True,24,0,24,1.0,0.0,0.0,0.0,0.0,15.25
R2_B_seed6,R2,0960,939,658,115,12,0,0,154,636,0.44339622641509435,0.03773584905660377,0.0220125786163522,0.02830188679245283,0.139937106918239,15.111635220125786,0928,True,29,0,28,1.0,0.0,0.0,0.0,0.0,14.285714285714286
R2_B_seed6,R2,0992,970,689,115,12,0,0,154,667,0.46926536731634183,0.038980509745127435,0.020989505247376312,0.026986506746626688,0.13343328335832083,15.091454272863569,0960,True,31,0,31,1.0,0.06451612903225806,0.0,0.0,0.0,14.67741935483871
R2_B_seed6,R2,1024,995,714,115,12,0,0,154,692,0.4884393063583815,0.03757225433526012,0.02023121387283237,0.02601156069364162,0.12861271676300579,15.11849710982659,0992,True,25,0,25,1.0,0.0,0.0,0.0,0.0,15.84
R3_B_seed500,R3,0032,120,39,39,5,0,0,37,14,0.14285714285714285,0.21428571428571427,0.21428571428571427,0.14285714285714285,0.5,19.428571428571427,,,,,,,,,,,
R3_B_seed500,R3,0064,221,73,74,5,0,0,69,46,0.13043478260869565,0.17391304347826086,0.1956521739130435,0.08695652173913043,0.45652173913043476,18.652173913043477,0032,True,101,0,32,0.125,0.15625,0.1875,0.0625,0.4375,18.3125
R3_B_seed500,R3,0096,284,87,87,6,0,0,104,59,0.13559322033898305,0.15254237288135594,0.1864406779661017,0.1016949152542373,0.5254237288135594,19.16949152542373,0064,True,63,0,13,0.15384615384615385,0.07692307692307693,0.15384615384615385,0.15384615384615385,0.7692307692307693,21.0
R3_B_seed500,R3,0128,312,93,91,6,0,0,122,61,0.13114754098360656,0.14754098360655737,0.18032786885245902,0.09836065573770492,0.5409836065573771,19.131147540983605,0096,True,28,0,2,0.0,0.0,0.0,0.0,1.0,18.0
R3_B_seed500,R3,0160,364,131,96,6,0,0,131,98,0.12244897959183673,0.1326530612244898,0.15306122448979592,0.10204081632653061,0.6224489795918368,18.102040816326532,0128,True,52,0,37,0.10810810810810811,0.10810810810810811,0.10810810810810811,0.10810810810810811,0.7567567567567568,16.405405405405407
R3_B_seed500,R3,0192,416,170,99,6,0,0,141,136,0.09558823529411764,0.10294117647058823,0.11029411764705882,0.07352941176470588,0.7058823529411765,17.352941176470587,0160,True,52,0,38,0.02631578947368421,0.02631578947368421,0.0,0.0,0.9210526315789473,15.421052631578947
R3_B_seed500,R3,0224,482,209,108,6,0,0,159,175,0.07428571428571429,0.08,0.09142857142857143,0.05714285714285714,0.76,17.091428571428573,0192,True,66,0,39,0.0,0.0,0.02564102564102564,0.0,0.9487179487179487,16.17948717948718
R3_B_seed500,R3,0256,548,249,116,6,0,0,177,215,0.06976744186046512,0.06511627906976744,0.07906976744186046,0.046511627906976744,0.8,16.725581395348836,0224,True,66,0,40,0.05,0.0,0.025,0.0,0.975,15.125
R3_B_seed500,R3,0288,603,288,121,6,0,0,188,254,0.05905511811023622,0.05905511811023622,0.06692913385826772,0.03937007874015748,0.8188976377952756,16.830708661417322,0256,True,55,0,39,0.0,0.02564102564102564,0.0,0.0,0.9230769230769231,17.41025641025641
R3_B_seed500,R3,0320,661,327,126,6,0,0,202,293,0.051194539249146756,0.051194539249146756,0.05802047781569966,0.034129692832764506,0.8395904436860068,16.948805460750854,0288,True,58,0,39,0.0,0.0,0.0,0.0,0.9743589743589743,17.71794871794872
R3_B_seed500,R3,0352,705,366,127,6,0,0,206,332,0.045180722891566265,0.045180722891566265,0.05120481927710843,0.030120481927710843,0.8524096385542169,17.03012048192771,0320,True,44,0,39,0.0,0.0,0.0,0.0,0.9487179487179487,17.641025641025642
R3_B_seed500,R3,0384,741,402,127,6,0,0,206,368,0.04076086956521739,0.04076086956521739,0.04619565217391304,0.02717391304347826,0.8641304347826086,17.182065217391305,0352,True,36,0,36,0.0,0.0,0.0,0.0,0.9722222222222222,18.583333333333332
R3_B_seed500,R3,0416,776,435,127,6,0,0,208,401,0.03740648379052369,0.03740648379052369,0.04239401496259352,0.02493765586034913,0.8728179551122195,17.266832917705734,0384,True,35,0,33,0.0,0.0,0.0,0.0,0.9696969696969697,18.21212121212121
R3_B_seed500,R3,0448,808,462,127,6,0,0,213,428,0.035046728971962614,0.035046728971962614,0.0397196261682243,0.02336448598130841,0.8785046728971962,17.322429906542055,0416,True,32,0,27,0.0,0.0,0.0,0.0,0.9629629629629629,18.14814814814815
R3_B_seed500,R3,0480,842,493,127,6,0,0,216,459,0.032679738562091505,0.032679738562091505,0.037037037037037035,0.02178649237472767,0.8823529411764706,17.311546840958606,0448,True,34,0,31,0.0,0.0,0.0,0.0,0.9354838709677419,17.161290322580644
R3_B_seed500,R3,0512,867,517,127,6,0,0,217,483,0.031055900621118012,0.031055900621118012,0.035196687370600416,0.020703933747412008,0.8881987577639752,17.36024844720497,0480,True,25,0,24,0.0,0.0,0.0,0.0,1.0,18.291666666666668
R3_B_seed500,R3,0544,882,532,127,6,0,0,217,498,0.030120481927710843,0.030120481927710843,0.03413654618473896,0.020080321285140562,0.891566265060241,17.369477911646587,0512,True,15,0,15,0.0,0.0,0.0,0.0,1.0,17.666666666666668
R3_B_seed500,R3,0576,901,547,127,6,0,0,221,513,0.029239766081871343,0.029239766081871343,0.03313840155945419,0.01949317738791423,0.8947368421052632,17.426900584795323,0544,True,19,0,15,0.0,0.0,0.0,0.0,1.0,19.333333333333332
R3_B_seed500,R3,0608,923,569,127,6,0,0,221,535,0.028037383177570093,0.028037383177570093,0.03177570093457944,0.018691588785046728,0.897196261682243,17.437383177570094,0576,True,22,0,22,0.0,0.0,0.0,0.0,0.9545454545454546,17.681818181818183
R3_B_seed500,R3,0640,939,584,127,6,0,0,222,550,0.02727272727272727,0.02727272727272727,0.03090909090909091,0.01818181818181818,0.9,17.456363636363637,0608,True,16,0,15,0.0,0.0,0.0,0.0,1.0,18.133333333333333
R3_B_seed500,R3,0672,956,600,127,7,0,0,222,566,0.026501766784452298,0.026501766784452298,0.030035335689045935,0.0176678445229682,0.9028268551236749,17.459363957597173,0640,True,17,0,16,0.0,0.0,0.0,0.0,1.0,17.5625
R3_B_seed500,R3,0704,976,620,127,7,0,0,222,586,0.025597269624573378,0.025597269624573378,0.02901023890784983,0.017064846416382253,0.9044368600682594,17.440273037542664,0672,True,20,0,20,0.0,0.0,0.0,0.0,0.95,16.9
R3_B_seed500,R3,0736,998,641,127,7,0,0,223,607,0.02471169686985173,0.02471169686985173,0.02800658978583196,0.016474464579901153,0.9077429983525536,17.40362438220758,0704,True,22,0,21,0.0,0.0,0.0,0.0,1.0,16.38095238095238
R3_B_seed500,R3,0768,1010,652,127,7,0,0,224,618,0.024271844660194174,0.024271844660194174,0.02750809061488673,0.016181229773462782,0.9077669902912622,17.40938511326861,0736,True,12,0,11,0.0,0.0,0.0,0.0,0.9090909090909091,17.727272727272727
R3_B_seed500,R3,0800,1020,661,127,7,0,0,225,627,0.023923444976076555,0.023923444976076555,0.02711323763955343,0.01594896331738437,0.9090909090909091,17.39712918660287,0768,True,10,0,9,0.0,0.0,0.0,0.0,1.0,16.555555555555557
R3_B_seed500,R3,0832,1027,668,127,7,0,0,225,634,0.02365930599369085,0.02365930599369085,0.026813880126182965,0.015772870662460567,0.9100946372239748,17.40851735015773,0800,True,7,0,7,0.0,0.0,0.0,0.0,1.0,18.428571428571427
R3_B_seed500,R3,0864,1035,675,127,7,0,0,226,641,0.0234009360374415,0.0234009360374415,0.0265210608424337,0.015600624024960999,0.9095163806552262,17.425897035881434,0832,True,8,0,7,0.0,0.0,0.0,0.0,0.8571428571428571,19.0
R3_B_seed500,R3,0896,1044,683,127,7,0,0,227,649,0.023112480739599383,0.023112480739599383,0.026194144838212634,0.015408320493066256,0.9106317411402157,17.4191063174114,0864,True,9,0,8,0.0,0.0,0.0,0.0,1.0,16.875
R3_B_seed500,R3,0928,1055,690,127,7,0,0,231,656,0.022865853658536585,0.022865853658536585,0.025914634146341462,0.01524390243902439,0.9115853658536586,17.416158536585368,0896,True,11,0,7,0.0,0.0,0.0,0.0,1.0,17.142857142857142
R3_B_seed500,R3,0960,1063,696,127,8,0,0,232,662,0.022658610271903322,0.022658610271903322,0.0256797583081571,0.015105740181268883,0.9123867069486404,17.41842900302115,0928,True,8,0,6,0.0,0.0,0.0,0.0,1.0,17.666666666666668
R3_B_seed500,R3,0992,1073,702,127,8,0,0,236,668,0.02245508982035928,0.02245508982035928,0.025449101796407185,0.014970059880239521,0.9131736526946108,17.392215568862277,0960,True,10,0,6,0.0,0.0,0.0,0.0,1.0,14.5
R3_B_seed500,R3,1024,1088,716,127,9,0,0,236,682,0.021994134897360705,0.021994134897360705,0.024926686217008796,0.01466275659824047,0.9149560117302052,17.381231671554254,0992,True,15,0,14,0.0,0.0,0.0,0.0,1.0,16.857142857142858
R3_B_seed501,R3,0032,133,40,43,8,0,0,42,22,0.3181818181818182,0.3181818181818182,0.0,0.4090909090909091,0.3181818181818182,24.181818181818183,,,,,,,,,,,
R3_B_seed501,R3,0064,257,77,83,13,0,0,84,58,0.20689655172413793,0.22413793103448276,0.06896551724137931,0.2413793103448276,0.7413793103448276,20.17241379310345,0032,True,124,0,36,0.1388888888888889,0.16666666666666666,0.1111111111111111,0.1388888888888889,1.0,17.72222222222222
R3_B_seed501,R3,0096,298,92,89,13,0,0,104,73,0.1917808219178082,0.2191780821917808,0.1232876712328767,0.2054794520547945,0.7945205479452054,20.71232876712329,0064,True,41,0,15,0.13333333333333333,0.2,0.3333333333333333,0.06666666666666667,1.0,22.8
R3_B_seed501,R3,0128,316,101,91,13,0,0,111,82,0.17073170731707318,0.1951219512195122,0.10975609756097561,0.18292682926829268,0.8170731707317073,20.0609756097561,0096,True,18,0,9,0.0,0.0,0.0,0.0,1.0,14.777777777777779
R3_B_seed501,R3,0160,361,133,92,14,0,0,122,112,0.14285714285714285,0.16071428571428573,0.10714285714285714,0.14285714285714285,0.8571428571428571,20.098214285714285,0128,True,45,0,30,0.06666666666666667,0.06666666666666667,0.1,0.03333333333333333,0.9666666666666667,20.2
R3_B_seed501,R3,0192,400,169,92,14,0,0,125,148,0.10810810810810811,0.1554054054054054,0.08783783783783784,0.10810810810810811,0.8851351351351351,19.405405405405407,0160,True,39,0,36,0.0,0.1388888888888889,0.027777777777777776,0.0,0.9722222222222222,17.25
R3_B_seed501,R3,0224,448,208,95,14,0,0,131,187,0.0855614973262032,0.12299465240641712,0.0748663101604278,0.0855614973262032,0.9037433155080213,19.759358288770052,0192,True,48,0,39,0.0,0.0,0.02564102564102564,0.0,0.9743589743589743,21.102564102564102
R3_B_seed501,R3,0256,488,241,95,14,0,0,138,220,0.07272727272727272,0.11363636363636363,0.06363636363636363,0.07272727272727272,0.9181818181818182,20.272727272727273,0224,True,40,0,33,0.0,0.06060606060606061,0.0,0.0,1.0,23.181818181818183
R3_B_seed501,R3,0288,524,275,95,14,0,0,140,254,0.06299212598425197,0.0984251968503937,0.05511811023622047,0.06299212598425197,0.9251968503937008,20.3503937007874,0256,True,36,0,34,0.0,0.0,0.0,0.0,0.9705882352941176,20.852941176470587
R3_B_seed501,R3,0320,565,311,95,14,0,0,145,290,0.05862068965517241,0.08620689655172414,0.04827586206896552,0.05517241379310345,0.9206896551724137,19.896551724137932,0288,True,41,0,36,0.027777777777777776,0.0,0.0,0.0,0.8888888888888888,16.694444444444443
R3_B_seed501,R3,0352,609,351,95,14,0,0,149,329,0.05167173252279635,0.07598784194528875,0.0425531914893617,0.0486322188449848,0.9300911854103343,19.64437689969605,0320,True,44,0,39,0.0,0.0,0.0,0.0,1.0,17.76923076923077
R3_B_seed501,R3,0384,649,386,95,14,0,0,154,364,0.046703296703296704,0.06868131868131869,0.038461538461538464,0.04395604395604396,0.9340659340659341,19.23076923076923,0352,True,40,0,35,0.0,0.0,0.0,0.0,0.9714285714285714,15.342857142857143
R3_B_seed501,R3,0416,689,422,95,14,0,0,158,399,0.042606516290726815,0.06265664160401002,0.03508771929824561,0.040100250626566414,0.9373433583959899,18.98997493734336,0384,True,40,0,35,0.0,0.0,0.0,0.0,0.9714285714285714,16.485714285714284
R3_B_seed501,R3,0448,726,455,95,14,0,0,162,432,0.03935185185185185,0.05787037037037037,0.032407407407407406,0.037037037037037035,0.9421296296296297,18.805555555555557,0416,True,37,0,33,0.0,0.0,0.0,0.0,1.0,16.575757575757574
R3_B_seed501,R3,0480,763,490,95,14,0,0,164,467,0.03640256959314775,0.05353319057815846,0.029978586723768737,0.034261241970021415,0.9464668094218416,18.546038543897215,0448,True,37,0,35,0.0,0.0,0.0,0.0,1.0,15.342857142857143
R3_B_seed501,R3,0512,792,519,95,14,0,0,164,493,0.034482758620689655,0.05070993914807302,0.028397565922920892,0.032454361054766734,0.949290060851927,18.21703853955375,0480,True,29,0,26,0.0,0.0,0.0,0.0,1.0,12.307692307692308
R3_B_seed501,R3,0544,819,545,95,14,0,0,165,518,0.03474903474903475,0.04826254826254826,0.02702702702702703,0.03088803088803089,0.9517374517374517,17.953667953667953,0512,True,27,0,25,0.04,0.0,0.0,0.0,1.0,12.76
R3_B_seed501,R3,0576,846,569,95,14,0,0,168,542,0.033210332103321034,0.046125461254612546,0.025830258302583026,0.02952029520295203,0.9538745387453874,17.69372693726937,0544,True,27,0,24,0.0,0.0,0.0,0.0,1.0,12.083333333333334
R3_B_seed501,R3,0608,875,595,95,14,0,0,171,568,0.03169014084507042,0.04401408450704225,0.02464788732394366,0.028169014084507043,0.9559859154929577,17.568661971830984,0576,True,29,0,26,0.0,0.0,0.0,0.0,1.0,14.961538461538462
R3_B_seed501,R3,0640,896,613,95,14,0,0,174,586,0.030716723549488054,0.042662116040955635,0.023890784982935155,0.027303754266211604,0.9573378839590444,17.629692832764505,0608,True,21,0,18,0.0,0.0,0.0,0.0,1.0,19.555555555555557
R3_B_seed501,R3,0672,924,636,95,14,0,0,179,609,0.029556650246305417,0.041050903119868636,0.022988505747126436,0.026272577996715927,0.9589490968801314,17.84729064039409,0640,True,28,0,23,0.0,0.0,0.0,0.0,1.0,23.391304347826086
R3_B_seed501,R3,0704,952,662,95,14,0,0,181,635,0.028346456692913385,0.03937007874015748,0.02204724409448819,0.025196850393700787,0.9606299212598425,18.0,0672,True,28,0,26,0.0,0.0,0.0,0.0,1.0,21.576923076923077
R3_B_seed501,R3,0736,973,680,95,14,0,0,184,653,0.027565084226646247,0.03828483920367534,0.021439509954058193,0.02450229709035222,0.9617151607963247,18.090352220520675,0704,True,21,0,18,0.0,0.0,0.0,0.0,1.0,21.27777777777778
R3_B_seed501,R3,0768,1001,705,95,14,0,0,187,678,0.028023598820058997,0.03687315634218289,0.02064896755162242,0.02359882005899705,0.9631268436578171,18.480825958702066,0736,True,28,0,25,0.04,0.0,0.0,0.0,1.0,28.68
R3_B_seed501,R3,0800,1022,724,95,14,0,0,189,697,0.027259684361549498,0.035868005738880916,0.020086083213773313,0.02295552367288379,0.9641319942611191,18.703012912482066,0768,True,21,0,19,0.0,0.0,0.0,0.0,1.0,26.63157894736842
R3_B_seed501,R3,0832,1038,736,95,14,0,0,193,709,0.02679830747531735,0.03526093088857546,0.019746121297602257,0.022566995768688293,0.9647390691114246,18.909732016925247,0800,True,16,0,12,0.0,0.0,0.0,0.0,1.0,30.916666666666668
R3_B_seed501,R3,0864,1049,746,95,14,0,0,194,719,0.02642559109874826,0.03477051460361613,0.019471488178025034,0.022253129346314324,0.9652294853963839,19.129346314325453,0832,True,11,0,10,0.0,0.0,0.0,0.0,1.0,34.7
R3_B_seed501,R3,0896,1065,760,95,14,0,0,196,733,0.02592087312414734,0.034106412005457026,0.019099590723055934,0.021828103683492497,0.9645293315143247,19.42019099590723,0864,True,16,0,14,0.0,0.0,0.0,0.0,0.9285714285714286,34.357142857142854
R3_B_seed501,R3,0928,1087,778,95,14,0,0,200,751,0.02529960053262317,0.033288948069241014,0.018641810918774968,0.02130492676431425,0.9653794940079894,19.896138482023968,0896,True,22,0,18,0.0,0.0,0.0,0.0,1.0,39.27777777777778
R3_B_seed501,R3,0960,1098,786,95,14,0,0,203,759,0.025032938076416336,0.03293807641633729,0.01844532279314888,0.021080368906455864,0.9657444005270093,20.09090909090909,0928,True,11,0,8,0.0,0.0,0.0,0.0,1.0,38.375
R3_B_seed501,R3,0992,1109,794,95,14,0,0,206,767,0.024771838331160364,0.03259452411994785,0.018252933507170794,0.020860495436766623,0.9661016949152542,20.3116036505867,0960,True,11,0,8,0.0,0.0,0.0,0.0,1.0,41.25
R3_B_seed501,R3,1024,1123,805,95,14,0,0,209,778,0.02570694087403599,0.032133676092544985,0.017994858611825194,0.02056555269922879,0.9665809768637532,20.62082262210797,0992,True,14,0,11,0.09090909090909091,0.0,0.0,0.0,1.0,42.18181818181818
R3_B_seed502,R3,0032,110,33,38,8,0,0,31,22,0.5909090909090909,0.5909090909090909,0.0,0.2727272727272727,0.5,26.545454545454547,,,,,,,,,,,
R3_B_seed502,R3,0064,242,74,82,10,0,0,76,62,0.3870967741935484,0.41935483870967744,0.11290322580645161,0.1774193548387097,0.7741935483870968,23.677419354838708,0032,True,132,0,40,0.275,0.325,0.175,0.125,0.925,22.1
R3_B_seed502,R3,0096,312,90,99,12,0,0,111,78,0.3333333333333333,0.3717948717948718,0.08974358974358974,0.14102564102564102,0.7948717948717948,22.512820512820515,0064,True,70,0,16,0.125,0.1875,0.0,0.0,0.875,18.0
R3_B_seed502,R3,0128,368,102,116,12,0,0,138,90,0.28888888888888886,0.32222222222222224,0.07777777777777778,0.12222222222222222,0.8111111111111111,21.77777777777778,0096,True,56,0,12,0.0,0.0,0.0,0.0,0.9166666666666666,17.0
R3_B_seed502,R3,0160,435,132,127,12,0,0,164,120,0.25833333333333336,0.26666666666666666,0.058333333333333334,0.09166666666666666,0.8416666666666667,21.108333333333334,0128,True,67,0,30,0.16666666666666666,0.1,0.0,0.0,0.9333333333333333,19.1
R3_B_seed502,R3,0192,479,166,130,12,0,0,171,154,0.2012987012987013,0.21428571428571427,0.045454545454545456,0.07142857142857142,0.8506493506493507,20.207792207792206,0160,True,44,0,34,0.0,0.029411764705882353,0.0,0.0,0.8823529411764706,17.029411764705884
R3_B_seed502,R3,0224,526,203,130,12,0,0,181,191,0.16230366492146597,0.17801047120418848,0.03664921465968586,0.05759162303664921,0.8743455497382199,19.790575916230367,0192,True,47,0,37,0.0,0.02702702702702703,0.0,0.0,0.972972972972973,18.054054054054053
R3_B_seed502,R3,0256,565,236,130,16,0,0,183,224,0.13839285714285715,0.15178571428571427,0.03125,0.049107142857142856,0.8928571428571429,19.558035714285715,0224,True,39,0,33,0.0,0.0,0.0,0.0,1.0,18.21212121212121
R3_B_seed502,R3,0288,606,273,130,16,0,0,187,261,0.11877394636015326,0.13026819923371646,0.02681992337164751,0.0421455938697318,0.9080459770114943,19.272030651340994,0256,True,41,0,37,0.0,0.0,0.0,0.0,1.0,17.54054054054054
R3_B_seed502,R3,0320,647,311,130,16,0,0,190,299,0.10367892976588629,0.11371237458193979,0.023411371237458192,0.03678929765886288,0.9163879598662207,19.090301003344482,0288,True,41,0,38,0.0,0.0,0.0,0.0,0.9736842105263158,17.842105263157894
R3_B_seed502,R3,0352,680,343,130,16,0,0,191,331,0.09365558912386707,0.1027190332326284,0.021148036253776436,0.03323262839879154,0.9244712990936556,18.746223564954683,0320,True,33,0,32,0.0,0.0,0.0,0.0,1.0,15.53125
R3_B_seed502,R3,0384,715,376,130,17,0,0,192,364,0.08516483516483517,0.09340659340659341,0.019230769230769232,0.03021978021978022,0.9313186813186813,18.587912087912088,0352,True,35,0,33,0.0,0.0,0.0,0.0,1.0,17.0
R3_B_seed502,R3,0416,745,404,130,18,0,0,193,392,0.07908163265306123,0.08673469387755102,0.017857142857142856,0.02806122448979592,0.9362244897959183,18.446428571428573,0384,True,30,0,28,0.0,0.0,0.0,0.0,1.0,16.607142857142858
R3_B_seed502,R3,0448,783,437,131,18,0,0,197,425,0.07294117647058823,0.08,0.01647058823529412,0.02588235294117647,0.9411764705882353,18.404705882352943,0416,True,38,0,33,0.0,0.0,0.0,0.0,1.0,17.90909090909091
R3_B_seed502,R3,0480,811,465,131,18,0,0,197,453,0.0684326710816777,0.07505518763796909,0.01545253863134658,0.024282560706401765,0.9448123620309051,18.357615894039736,0448,True,28,0,28,0.0,0.0,0.0,0.0,1.0,17.642857142857142
R3_B_seed502,R3,0512,840,491,131,18,0,0,200,479,0.06471816283924843,0.0709812108559499,0.014613778705636743,0.022964509394572025,0.9478079331941545,18.29436325678497,0480,True,29,0,26,0.0,0.0,0.0,0.0,1.0,17.192307692307693
R3_B_seed502,R3,0544,849,497,131,18,0,0,203,485,0.06391752577319587,0.07010309278350516,0.01443298969072165,0.02268041237113402,0.9484536082474226,18.288659793814432,0512,True,9,0,6,0.0,0.0,0.0,0.0,1.0,17.833333333333332
R3_B_seed502,R3,0576,860,507,131,18,0,0,204,495,0.06262626262626263,0.06868686868686869,0.014141414141414142,0.022222222222222223,0.9494949494949495,18.32929292929293,0544,True,11,0,10,0.0,0.0,0.0,0.0,1.0,20.3
R3_B_seed502,R3,0608,877,523,131,18,0,0,205,511,0.060665362035225046,0.06653620352250489,0.0136986301369863,0.021526418786692758,0.9510763209393346,18.338551859099805,0576,True,17,0,16,0.0,0.0,0.0,0.0,1.0,18.625
R3_B_seed502,R3,0640,894,538,131,18,0,0,207,526,0.058935361216730035,0.06463878326996197,0.013307984790874524,0.02091254752851711,0.9524714828897338,18.326996197718632,0608,True,17,0,15,0.0,0.0,0.0,0.0,1.0,17.933333333333334
R3_B_seed502,R3,0672,903,547,131,18,0,0,207,535,0.05794392523364486,0.06355140186915888,0.013084112149532711,0.020560747663551402,0.9532710280373832,18.276635514018693,0640,True,9,0,9,0.0,0.0,0.0,0.0,1.0,15.333333333333334
R3_B_seed502,R3,0704,911,554,131,18,0,0,208,542,0.05719557195571956,0.06273062730627306,0.012915129151291513,0.02029520295202952,0.9538745387453874,18.23431734317343,0672,True,8,0,7,0.0,0.0,0.0,0.0,1.0,15.0
R3_B_seed502,R3,0736,923,565,131,18,0,0,209,553,0.05605786618444846,0.06148282097649186,0.012658227848101266,0.019891500904159132,0.9547920433996383,18.15913200723327,0704,True,12,0,11,0.0,0.0,0.0,0.0,1.0,14.454545454545455
R3_B_seed502,R3,0768,942,583,131,19,0,0,209,570,0.054385964912280704,0.05964912280701754,0.012280701754385965,0.01929824561403509,0.956140350877193,18.003508771929823,0736,True,19,0,17,0.0,0.0,0.0,0.0,1.0,12.941176470588236
R3_B_seed502,R3,0800,964,603,131,20,0,0,210,590,0.05254237288135593,0.0576271186440678,0.011864406779661017,0.01864406779661017,0.9576271186440678,17.861016949152543,0768,True,22,0,20,0.0,0.0,0.0,0.0,1.0,13.8
R3_B_seed502,R3,0832,986,624,131,21,0,0,210,611,0.05073649754500818,0.05564648117839607,0.011456628477905073,0.01800327332242226,0.9590834697217676,17.76432078559738,0800,True,22,0,21,0.0,0.0,0.0,0.0,1.0,15.047619047619047
R3_B_seed502,R3,0864,1009,647,131,21,0,0,210,634,0.04889589905362776,0.05362776025236593,0.011041009463722398,0.017350157728706624,0.9605678233438486,17.589905362776026,0832,True,23,0,23,0.0,0.0,0.0,0.0,1.0,12.956521739130435
R3_B_seed502,R3,0896,1021,658,131,21,0,0,211,645,0.04806201550387597,0.05271317829457364,0.010852713178294573,0.017054263565891473,0.9612403100775194,17.510077519379845,0864,True,12,0,11,0.0,0.0,0.0,0.0,1.0,12.909090909090908
R3_B_seed502,R3,0928,1033,668,131,21,0,0,213,655,0.04732824427480916,0.051908396946564885,0.010687022900763359,0.016793893129770993,0.9618320610687023,17.42442748091603,0896,True,12,0,10,0.0,0.0,0.0,0.0,1.0,11.9
R3_B_seed502,R3,0960,1042,676,131,22,0,0,213,663,0.04675716440422323,0.05128205128205128,0.010558069381598794,0.016591251885369532,0.9622926093514329,17.357466063348415,0928,True,9,0,8,0.0,0.0,0.0,0.0,1.0,11.875
R3_B_seed502,R3,0992,1048,682,131,22,0,0,213,669,0.04633781763826607,0.05082212257100149,0.01046337817638266,0.016442451420029897,0.9626307922272048,17.319880418535128,0960,True,6,0,6,0.0,0.0,0.0,0.0,1.0,13.166666666666666
R3_B_seed502,R3,1024,1058,689,131,22,0,0,216,676,0.04585798816568047,0.05029585798816568,0.010355029585798817,0.016272189349112426,0.9630177514792899,17.275147928994084,0992,True,10,0,7,0.0,0.0,0.0,0.0,1.0,13.0
R4_B_seed604,R4,0032,118,36,37,7,0,0,38,18,0.3333333333333333,0.4444444444444444,0.16666666666666666,0.05555555555555555,0.5,21.055555555555557,,,,,,,,,,,
R4_B_seed604,R4,0064,244,77,82,9,0,0,76,58,0.22413793103448276,0.27586206896551724,0.22413793103448276,0.05172413793103448,0.6551724137931034,17.96551724137931,0032,True,126,0,40,0.175,0.2,0.25,0.05,0.725,16.575
R4_B_seed604,R4,0096,306,94,99,9,0,0,104,74,0.20270270270270271,0.25675675675675674,0.20270270270270271,0.04054054054054054,0.6486486486486487,18.22972972972973,0064,True,62,0,16,0.125,0.1875,0.125,0.0,0.625,19.1875
R4_B_seed604,R4,0128,339,107,105,9,0,0,118,87,0.1839080459770115,0.22988505747126436,0.1724137931034483,0.034482758620689655,0.6436781609195402,18.620689655172413,0096,True,33,0,13,0.07692307692307693,0.07692307692307693,0.0,0.0,0.6153846153846154,20.846153846153847
R4_B_seed604,R4,0160,380,140,106,9,0,0,125,120,0.175,0.20833333333333334,0.15,0.025,0.65,18.733333333333334,0128,True,41,0,33,0.15151515151515152,0.15151515151515152,0.09090909090909091,0.0,0.6666666666666666,19.03030303030303
R4_B_seed604,R4,0192,428,178,108,9,0,0,133,158,0.17088607594936708,0.1962025316455696,0.12658227848101267,0.0189873417721519,0.6708860759493671,20.246835443037973,0160,True,48,0,38,0.15789473684210525,0.15789473684210525,0.05263157894736842,0.0,0.7368421052631579,25.026315789473685
R4_B_seed604,R4,0224,466,214,108,10,0,0,134,194,0.17010309278350516,0.18041237113402062,0.10824742268041238,0.015463917525773196,0.6443298969072165,20.45360824742268,0192,True,38,0,36,0.16666666666666666,0.1111111111111111,0.027777777777777776,0.0,0.5277777777777778,21.36111111111111
R4_B_seed604,R4,0256,505,253,108,10,0,0,134,231,0.20346320346320346,0.20346320346320346,0.10822510822510822,0.012987012987012988,0.670995670995671,22.471861471861473,0224,True,39,0,37,0.3783783783783784,0.32432432432432434,0.10810810810810811,0.0,0.8108108108108109,33.054054054054056
R4_B_seed604,R4,0288,545,290,108,10,0,0,137,268,0.208955223880597,0.19402985074626866,0.10074626865671642,0.011194029850746268,0.6977611940298507,23.309701492537314,0256,True,40,0,37,0.24324324324324326,0.13513513513513514,0.05405405405405406,0.0,0.8648648648648649,28.54054054054054
R4_B_seed604,R4,0320,586,328,108,11,0,0,139,306,0.21241830065359477,0.1895424836601307,0.10457516339869281,0.00980392156862745,0.7254901960784313,24.218954248366014,0288,True,41,0,38,0.23684210526315788,0.15789473684210525,0.13157894736842105,0.0,0.9210526315789473,30.63157894736842
R4_B_seed604,R4,0352,627,366,108,11,0,0,142,344,0.21220930232558138,0.17732558139534885,0.09883720930232558,0.00872093023255814,0.747093023255814,25.037790697674417,0320,True,41,0,38,0.21052631578947367,0.07894736842105263,0.05263157894736842,0.0,0.9210526315789473,31.63157894736842
R4_B_seed604,R4,0384,663,400,108,11,0,0,144,378,0.20105820105820105,0.164021164021164,0.09523809523809523,0.007936507936507936,0.7645502645502645,25.812169312169313,0352,True,36,0,34,0.08823529411764706,0.029411764705882353,0.058823529411764705,0.0,0.9411764705882353,33.64705882352941
R4_B_seed604,R4,0416,694,431,108,11,0,0,144,409,0.21271393643031786,0.15403422982885084,0.09046454767726161,0.007334963325183374,0.7799511002444988,26.34474327628362,0384,True,31,0,31,0.3548387096774194,0.03225806451612903,0.03225806451612903,0.0,0.967741935483871,32.83870967741935
R4_B_seed604,R4,0448,722,459,108,11,0,0,144,437,0.21967963386727687,0.14416475972540047,0.08466819221967964,0.006864988558352402,0.7894736842105263,26.62700228832952,0416,True,28,0,28,0.32142857142857145,0.0,0.0,0.0,0.9285714285714286,30.75
R4_B_seed604,R4,0480,746,483,108,11,0,0,144,460,0.21956521739130436,0.13695652173913042,0.08043478260869565,0.006521739130434782,0.7978260869565217,26.841304347826085,0448,True,24,0,23,0.21739130434782608,0.0,0.0,0.0,0.9565217391304348,30.91304347826087
R4_B_seed604,R4,0512,765,502,108,11,0,0,144,478,0.2217573221757322,0.13179916317991633,0.07740585774058577,0.006276150627615063,0.805439330543933,26.918410041841003,0480,True,19,0,18,0.2777777777777778,0.0,0.0,0.0,1.0,28.88888888888889
R4_B_seed604,R4,0544,784,520,108,11,0,0,145,495,0.2202020202020202,0.1292929292929293,0.07474747474747474,0.006060606060606061,0.8121212121212121,27.096969696969698,0512,True,19,0,17,0.17647058823529413,0.058823529411764705,0.0,0.0,1.0,32.11764705882353
R4_B_seed604,R4,0576,799,535,108,11,0,0,145,509,0.21611001964636542,0.12770137524557956,0.07269155206286837,0.005893909626719057,0.8172888015717092,27.267190569744596,0544,True,15,0,14,0.07142857142857142,0.07142857142857142,0.0,0.0,1.0,33.285714285714285
R4_B_seed604,R4,0608,813,549,108,11,0,0,145,522,0.21264367816091953,0.12643678160919541,0.07088122605363985,0.005747126436781609,0.8218390804597702,27.377394636015325,0576,True,14,0,13,0.07692307692307693,0.07692307692307693,0.0,0.0,1.0,31.692307692307693
R4_B_seed604,R4,0640,831,567,108,11,0,0,145,540,0.20555555555555555,0.12222222222222222,0.06851851851851852,0.005555555555555556,0.8277777777777777,27.425925925925927,0608,True,18,0,18,0.0,0.0,0.0,0.0,1.0,28.833333333333332
R4_B_seed604,R4,0672,852,588,108,11,0,0,145,560,0.1982142857142857,0.11785714285714285,0.06607142857142857,0.005357142857142857,0.8339285714285715,27.485714285714284,0640,True,21,0,20,0.0,0.0,0.0,0.0,1.0,29.1
R4_B_seed604,R4,0704,866,602,108,11,0,0,145,574,0.19337979094076654,0.11498257839721254,0.06445993031358885,0.005226480836236934,0.837979094076655,27.601045296167246,0672,True,14,0,14,0.0,0.0,0.0,0.0,1.0,32.214285714285715
R4_B_seed604,R4,0736,877,613,108,11,0,0,145,584,0.19006849315068494,0.11301369863013698,0.06335616438356165,0.005136986301369863,0.8407534246575342,27.549657534246574,0704,True,11,0,10,0.0,0.0,0.0,0.0,1.0,24.6
R4_B_seed604,R4,0768,887,622,108,11,0,0,146,593,0.18718381112984822,0.11129848229342328,0.06239460370994941,0.00505902192242833,0.8431703204047217,27.42664418212479,0736,True,10,0,9,0.0,0.0,0.0,0.0,1.0,19.444444444444443
R4_B_seed604,R4,0800,896,631,108,11,0,0,146,601,0.18469217970049917,0.10981697171381032,0.06156405990016639,0.004991680532445923,0.8452579034941764,27.36439267886855,0768,True,9,0,8,0.0,0.0,0.0,0.0,1.0,22.75
R4_B_seed604,R4,0832,901,636,108,11,0,0,146,606,0.1848184818481848,0.10891089108910891,0.06105610561056106,0.0049504950495049506,0.8465346534653465,27.424092409240924,0800,True,5,0,5,0.2,0.0,0.0,0.0,1.0,34.6
R4_B_seed604,R4,0864,908,642,108,11,0,0,147,612,0.1830065359477124,0.10784313725490197,0.06045751633986928,0.004901960784313725,0.8480392156862745,27.341503267973856,0832,True,7,0,6,0.0,0.0,0.0,0.0,1.0,19.0
R4_B_seed604,R4,0896,913,647,108,11,0,0,147,617,0.18152350081037277,0.10696920583468396,0.059967585089141004,0.004862236628849271,0.8492706645056726,27.25931928687196,0864,True,5,0,5,0.0,0.0,0.0,0.0,1.0,17.2
R4_B_seed604,R4,0928,919,653,108,11,0,0,147,622,0.18006430868167203,0.10610932475884244,0.0594855305466238,0.00482315112540193,0.8504823151125402,27.225080385852092,0896,True,6,0,5,0.0,0.0,0.0,0.0,1.0,23.0
R4_B_seed604,R4,0960,923,657,108,11,0,0,147,625,0.1792,0.1056,0.0592,0.0048,0.8512,27.2304,0928,True,4,0,3,0.0,0.0,0.0,0.0,1.0,28.333333333333332
R4_B_seed604,R4,0992,926,660,108,11,0,0,147,628,0.17834394904458598,0.10509554140127389,0.0589171974522293,0.004777070063694267,0.8519108280254777,27.20063694267516,0960,True,3,0,3,0.0,0.0,0.0,0.0,1.0,21.0
R4_B_seed604,R4,1024,928,662,108,11,0,0,147,629,0.178060413354531,0.10492845786963434,0.058823529411764705,0.0047694753577106515,0.8521462639109698,27.17965023847377,0992,True,2,0,1,0.0,0.0,0.0,0.0,1.0,14.0
R4_B_seed605,R4,0032,110,34,39,5,0,0,32,17,0.17647058823529413,0.35294117647058826,0.11764705882352941,0.29411764705882354,0.17647058823529413,24.470588235294116,,,,,,,,,,,
R4_B_seed605,R4,0064,216,69,74,6,0,0,67,52,0.17307692307692307,0.1346153846153846,0.038461538461538464,0.11538461538461539,0.6346153846153846,18.76923076923077,0032,True,106,0,35,0.17142857142857143,0.02857142857142857,0.0,0.02857142857142857,0.8571428571428571,16.0
R4_B_seed605,R4,0096,269,79,86,6,0,0,98,62,0.14516129032258066,0.11290322580645161,0.03225806451612903,0.0967741935483871,0.6774193548387096,18.64516129032258,0064,True,53,0,10,0.0,0.0,0.0,0.0,0.9,18.0
R4_B_seed605,R4,0128,285,83,89,6,0,0,107,66,0.13636363636363635,0.10606060606060606,0.030303030303030304,0.09090909090909091,0.696969696969697,18.454545454545453,0096,True,16,0,4,0.0,0.0,0.0,0.0,1.0,15.5
R4_B_seed605,R4,0160,328,112,91,8,0,0,117,95,0.28421052631578947,0.25263157894736843,0.08421052631578947,0.06315789473684211,0.7789473684210526,28.294736842105262,0128,True,43,0,29,0.6206896551724138,0.5862068965517241,0.20689655172413793,0.0,0.9655172413793104,50.689655172413794
R4_B_seed605,R4,0192,368,146,91,9,0,0,122,129,0.26356589147286824,0.21705426356589147,0.07751937984496124,0.046511627906976744,0.8294573643410853,27.310077519379846,0160,True,40,0,34,0.20588235294117646,0.11764705882352941,0.058823529411764705,0.0,0.9705882352941176,24.558823529411764
R4_B_seed605,R4,0224,416,184,92,9,0,0,131,166,0.3373493975903614,0.28313253012048195,0.1144578313253012,0.03614457831325301,0.7951807228915663,31.27710843373494,0192,True,48,0,37,0.5945945945945946,0.5135135135135135,0.24324324324324326,0.0,0.6756756756756757,45.108108108108105
R4_B_seed605,R4,0256,460,218,93,9,0,0,140,200,0.435,0.32,0.14,0.035,0.725,33.37,0224,True,44,0,34,0.9117647058823529,0.5,0.2647058823529412,0.029411764705882353,0.38235294117647056,43.588235294117645
R4_B_seed605,R4,0288,502,255,93,9,0,0,145,237,0.510548523206751,0.33755274261603374,0.16455696202531644,0.029535864978902954,0.6877637130801688,33.90717299578059,0256,True,42,0,37,0.918918918918919,0.43243243243243246,0.2972972972972973,0.0,0.4864864864864865,36.810810810810814
R4_B_seed605,R4,0320,544,291,94,9,0,0,150,273,0.5714285714285714,0.326007326007326,0.18681318681318682,0.02564102564102564,0.6666666666666666,33.88278388278388,0288,True,42,0,36,0.9722222222222222,0.25,0.3333333333333333,0.0,0.5277777777777778,33.72222222222222
R4_B_seed605,R4,0352,587,323,95,10,0,0,159,305,0.6131147540983607,0.2983606557377049,0.20655737704918034,0.022950819672131147,0.6065573770491803,33.14754098360656,0320,True,43,0,32,0.96875,0.0625,0.375,0.0,0.09375,26.875
R4_B_seed605,R4,0384,618,350,95,10,0,0,163,332,0.6355421686746988,0.27710843373493976,0.24096385542168675,0.02108433734939759,0.5632530120481928,32.424698795180724,0352,True,31,0,27,0.8888888888888888,0.037037037037037035,0.6296296296296297,0.0,0.07407407407407407,24.25925925925926
R4_B_seed605,R4,0416,651,377,95,10,0,0,169,359,0.6601671309192201,0.2590529247910863,0.28969359331476324,0.019498607242339833,0.5236768802228412,31.866295264623954,0384,True,33,0,27,0.9629629629629629,0.037037037037037035,0.8888888888888888,0.0,0.037037037037037035,25.0
R4_B_seed605,R4,0448,674,400,95,10,0,0,169,382,0.6701570680628273,0.24345549738219896,0.31675392670157065,0.01832460732984293,0.49476439790575916,31.274869109947645,0416,True,23,0,23,0.8260869565217391,0.0,0.7391304347826086,0.0,0.043478260869565216,22.043478260869566
R4_B_seed605,R4,0480,688,412,95,10,0,0,171,394,0.6802030456852792,0.23604060913705585,0.3350253807106599,0.017766497461928935,0.4796954314720812,31.078680203045685,0448,True,14,0,12,1.0,0.0,0.9166666666666666,0.0,0.0,24.833333333333332
R4_B_seed605,R4,0512,704,426,95,10,0,0,173,408,0.6911764705882353,0.22794117647058823,0.35784313725490197,0.01715686274509804,0.46568627450980393,30.889705882352942,0480,True,16,0,14,1.0,0.0,1.0,0.0,0.07142857142857142,25.571428571428573
R4_B_seed605,R4,0544,718,439,95,10,0,0,174,421,0.7007125890736342,0.2209026128266033,0.3752969121140142,0.0166270783847981,0.45368171021377673,30.767220902612827,0512,True,14,0,13,1.0,0.0,0.9230769230769231,0.0,0.07692307692307693,26.923076923076923
R4_B_seed605,R4,0576,731,451,95,10,0,0,175,433,0.7090069284064665,0.21478060046189376,0.39260969976905313,0.016166281755196306,0.44110854503464203,30.66743648960739,0544,True,13,0,12,1.0,0.0,1.0,0.0,0.0,27.166666666666668
R4_B_seed605,R4,0608,744,464,95,10,0,0,175,446,0.7152466367713004,0.2085201793721973,0.4080717488789238,0.01569506726457399,0.4327354260089686,30.641255605381165,0576,True,13,0,13,0.9230769230769231,0.0,0.9230769230769231,0.0,0.15384615384615385,29.76923076923077
R4_B_seed605,R4,0640,752,471,95,10,0,0,176,453,0.7196467991169978,0.2052980132450331,0.41280353200883,0.01545253863134658,0.4282560706401766,30.600441501103752,0608,True,8,0,7,1.0,0.0,0.7142857142857143,0.0,0.14285714285714285,28.0
R4_B_seed605,R4,0672,768,487,95,10,0,0,176,469,0.7270788912579957,0.19829424307036247,0.42217484008528783,0.014925373134328358,0.42217484008528783,30.46268656716418,0640,True,16,0,16,0.9375,0.0,0.6875,0.0,0.25,26.5625
R4_B_seed605,R4,0704,782,497,95,11,0,0,179,479,0.7265135699373695,0.1941544885177453,0.42171189979123175,0.014613778705636743,0.4154488517745303,30.227557411273487,0672,True,14,0,10,0.7,0.0,0.4,0.0,0.1,19.2
R4_B_seed605,R4,0736,793,508,95,11,0,0,179,490,0.7326530612244898,0.19183673469387755,0.4142857142857143,0.014285714285714285,0.4061224489795918,30.253061224489795,0704,True,11,0,11,1.0,0.09090909090909091,0.09090909090909091,0.0,0.0,31.363636363636363
R4_B_seed605,R4,0768,800,514,95,11,0,0,180,496,0.7358870967741935,0.18951612903225806,0.4173387096774194,0.014112903225806451,0.4012096774193548,30.22782258064516,0736,True,7,0,6,1.0,0.0,0.6666666666666666,0.0,0.0,28.166666666666668
R4_B_seed605,R4,0800,812,524,95,11,0,0,182,506,0.741106719367589,0.1857707509881423,0.4288537549407115,0.01383399209486166,0.3932806324110672,30.217391304347824,0768,True,12,0,10,1.0,0.0,1.0,0.0,0.0,29.7
R4_B_seed605,R4,0832,816,527,95,11,0,0,183,509,0.7426326129666012,0.18467583497053044,0.43222003929273084,0.0137524557956778,0.39096267190569745,30.216110019646365,0800,True,4,0,3,1.0,0.0,1.0,0.0,0.0,30.0
R4_B_seed605,R4,0864,821,531,95,11,0,0,184,513,0.7446393762183235,0.18323586744639375,0.43664717348927873,0.01364522417153996,0.38791423001949316,30.210526315789473,0832,True,5,0,4,1.0,0.0,1.0,0.0,0.0,29.5
R4_B_seed605,R4,0896,822,532,95,11,0,0,184,514,0.745136186770428,0.1828793774319066,0.4377431906614786,0.013618677042801557,0.38715953307393,30.208171206225682,0864,True,1,0,1,1.0,0.0,1.0,0.0,0.0,29.0
R4_B_seed605,R4,0928,827,536,95,11,0,0,185,518,0.747104247104247,0.18146718146718147,0.4420849420849421,0.013513513513513514,0.3841698841698842,30.2007722007722,0896,True,5,0,4,1.0,0.0,1.0,0.0,0.0,29.25
R4_B_seed605,R4,0960,831,540,95,11,0,0,185,522,0.7490421455938697,0.18007662835249041,0.446360153256705,0.013409961685823755,0.38122605363984674,30.193486590038315,0928,True,4,0,4,1.0,0.0,1.0,0.0,0.0,29.25
R4_B_seed605,R4,0992,837,545,95,11,0,0,186,527,0.7514231499051234,0.17836812144212524,0.45161290322580644,0.013282732447817837,0.3776091081593928,30.18216318785579,0960,True,6,0,5,1.0,0.0,1.0,0.0,0.0,29.0
R4_B_seed606,R4,0032,111,33,37,8,0,0,33,17,0.47058823529411764,0.47058823529411764,0.11764705882352941,0.29411764705882354,0.35294117647058826,28.529411764705884,,,,,,,,,,,
R4_B_seed606,R4,0064,214,67,71,9,0,0,67,44,0.36363636363636365,0.3409090909090909,0.1590909090909091,0.13636363636363635,0.29545454545454547,22.181818181818183,0032,True,103,0,27,0.2962962962962963,0.25925925925925924,0.18518518518518517,0.037037037037037035,0.25925925925925924,18.185185185185187
R4_B_seed606,R4,0096,278,82,87,12,0,0,97,59,0.3389830508474576,0.3220338983050847,0.1694915254237288,0.1016949152542373,0.3559322033898305,21.8135593220339,0064,True,64,0,15,0.26666666666666666,0.26666666666666666,0.2,0.0,0.5333333333333333,20.733333333333334
R4_B_seed606,R4,0128,300,87,90,13,0,0,110,64,0.328125,0.296875,0.171875,0.09375,0.40625,21.734375,0096,True,22,0,5,0.2,0.0,0.2,0.0,1.0,20.8
R4_B_seed606,R4,0160,349,120,93,14,0,0,122,97,0.27835051546391754,0.23711340206185566,0.13402061855670103,0.061855670103092786,0.4948453608247423,20.95876288659794,0128,True,49,0,33,0.18181818181818182,0.12121212121212122,0.06060606060606061,0.0,0.6666666666666666,19.454545454545453
R4_B_seed606,R4,0192,434,156,109,14,0,0,155,133,0.21052631578947367,0.19548872180451127,0.11278195488721804,0.045112781954887216,0.5864661654135338,20.105263157894736,0160,True,85,0,36,0.027777777777777776,0.08333333333333333,0.05555555555555555,0.0,0.8333333333333334,17.805555555555557
R4_B_seed606,R4,0224,523,194,127,14,0,0,188,171,0.19298245614035087,0.15204678362573099,0.08771929824561403,0.03508771929824561,0.6081871345029239,19.964912280701753,0192,True,89,0,38,0.13157894736842105,0.0,0.0,0.0,0.6842105263157895,19.473684210526315
R4_B_seed606,R4,0256,581,234,131,14,0,0,202,211,0.16587677725118483,0.12322274881516587,0.07109004739336493,0.02843601895734597,0.6303317535545023,20.01421800947867,0224,True,58,0,40,0.05,0.0,0.0,0.0,0.725,20.225
R4_B_seed606,R4,0288,638,273,135,14,0,0,216,244,0.16393442622950818,0.10655737704918032,0.06557377049180328,0.02459016393442623,0.6352459016393442,19.885245901639344,0256,True,57,0,33,0.15151515151515152,0.0,0.030303030303030304,0.0,0.6666666666666666,19.060606060606062
R4_B_seed606,R4,0320,696,314,140,14,0,0,228,285,0.14385964912280702,0.09473684210526316,0.06315789473684211,0.021052631578947368,0.624561403508772,19.410526315789475,0288,True,58,0,41,0.024390243902439025,0.024390243902439025,0.04878048780487805,0.0,0.5609756097560976,16.585365853658537
R4_B_seed606,R4,0352,736,351,140,14,0,0,231,321,0.1308411214953271,0.08411214953271028,0.056074766355140186,0.018691588785046728,0.6417445482866043,18.90031152647975,0320,True,40,0,36,0.027777777777777776,0.0,0.0,0.0,0.7777777777777778,14.86111111111111
R4_B_seed606,R4,0384,783,387,144,14,0,0,238,356,0.11797752808988764,0.07865168539325842,0.05056179775280899,0.019662921348314606,0.651685393258427,19.025280898876403,0352,True,47,0,35,0.0,0.02857142857142857,0.0,0.02857142857142857,0.7428571428571429,20.17142857142857
R4_B_seed606,R4,0416,825,421,146,14,0,0,244,389,0.11053984575835475,0.07969151670951156,0.04627249357326478,0.02056555269922879,0.6786632390745502,19.619537275064268,0384,True,42,0,33,0.030303030303030304,0.09090909090909091,0.0,0.030303030303030304,0.9696969696969697,26.03030303030303
R4_B_seed606,R4,0448,850,444,147,14,0,0,245,408,0.1053921568627451,0.0784313725490196,0.04411764705882353,0.0196078431372549,0.6911764705882353,19.612745098039216,0416,True,25,0,19,0.0,0.05263157894736842,0.0,0.0,0.9473684210526315,19.473684210526315
R4_B_seed606,R4,0480,880,463,151,14,0,0,252,423,0.1016548463356974,0.07565011820330969,0.0425531914893617,0.018912529550827423,0.7021276595744681,19.43971631205674,0448,True,30,0,15,0.0,0.0,0.0,0.0,1.0,14.733333333333333
R4_B_seed606,R4,0512,894,474,151,14,0,0,255,430,0.1,0.07441860465116279,0.04186046511627907,0.018604651162790697,0.7069767441860465,19.558139534883722,0480,True,14,0,7,0.0,0.0,0.0,0.0,1.0,26.714285714285715
R4_B_seed606,R4,0544,910,488,151,14,0,0,257,437,0.09839816933638444,0.07322654462242563,0.041189931350114416,0.018306636155606407,0.7116704805491991,19.487414187643022,0512,True,16,0,7,0.0,0.0,0.0,0.0,1.0,15.142857142857142
R4_B_seed606,R4,0576,923,500,151,14,0,0,258,445,0.09662921348314607,0.07191011235955057,0.04044943820224719,0.017977528089887642,0.7168539325842697,19.42247191011236,0544,True,13,0,8,0.0,0.0,0.0,0.0,1.0,15.875
R4_B_seed606,R4,0608,930,507,151,14,0,0,258,449,0.0957683741648107,0.07126948775055679,0.0400890868596882,0.017817371937639197,0.7193763919821826,19.320712694877507,0576,True,7,0,4,0.0,0.0,0.0,0.0,1.0,8.0
R4_B_seed606,R4,0640,953,527,152,14,0,0,260,453,0.09492273730684327,0.0706401766004415,0.039735099337748346,0.017660044150110375,0.7218543046357616,19.43487858719647,0608,True,23,0,4,0.0,0.0,0.0,0.0,1.0,32.25
R4_B_seed606,R4,0672,968,539,153,14,0,0,262,456,0.09429824561403509,0.07017543859649122,0.039473684210526314,0.017543859649122806,0.7214912280701754,19.350877192982455,0640,True,15,0,3,0.0,0.0,0.0,0.0,0.6666666666666666,6.666666666666667
R4_B_seed606,R4,0704,994,564,153,14,0,0,263,471,0.09129511677282377,0.06794055201698514,0.03821656050955414,0.016985138004246284,0.7282377919320594,19.014861995753716,0672,True,26,0,15,0.0,0.0,0.0,0.0,0.9333333333333333,8.8
R4_B_seed606,R4,0736,1020,588,153,14,0,0,265,486,0.08847736625514403,0.06584362139917696,0.037037037037037035,0.01646090534979424,0.7345679012345679,18.796296296296298,0704,True,26,0,15,0.0,0.0,0.0,0.0,0.9333333333333333,11.933333333333334
R4_B_seed606,R4,0768,1032,599,153,14,0,0,266,494,0.08906882591093117,0.06477732793522267,0.03643724696356275,0.016194331983805668,0.7348178137651822,18.94736842105263,0736,True,12,0,8,0.125,0.0,0.0,0.0,0.75,28.125
R4_B_seed606,R4,0800,1053,614,154,14,0,0,271,500,0.088,0.064,0.036,0.016,0.73,18.85,0768,True,21,0,6,0.0,0.0,0.0,0.0,0.3333333333333333,10.833333333333334
R4_B_seed606,R4,0832,1076,631,155,14,0,0,276,505,0.08712871287128712,0.06336633663366337,0.03564356435643564,0.015841584158415842,0.7287128712871287,18.716831683168316,0800,True,23,0,5,0.0,0.0,0.0,0.0,0.6,5.4
R4_B_seed606,R4,0864,1097,650,155,14,0,0,278,513,0.08576998050682261,0.06237816764132553,0.03508771929824561,0.015594541910331383,0.7251461988304093,18.584795321637426,0832,True,21,0,8,0.0,0.0,0.0,0.0,0.5,10.25
R4_B_seed606,R4,0896,1113,665,155,14,0,0,279,518,0.08494208494208494,0.06177606177606178,0.03474903474903475,0.015444015444015444,0.7239382239382239,18.584942084942085,0864,True,16,0,5,0.0,0.0,0.0,0.0,0.6,18.6
R4_B_seed606,R4,0928,1133,682,155,14,0,0,282,525,0.0838095238095238,0.06095238095238095,0.03428571428571429,0.015238095238095238,0.7238095238095238,18.52190476190476,0896,True,20,0,7,0.0,0.0,0.0,0.0,0.7142857142857143,13.857142857142858
R4_B_seed606,R4,0960,1152,700,155,14,0,0,283,529,0.0831758034026465,0.06049149338374291,0.034026465028355386,0.015122873345935728,0.725897920604915,18.580340264650285,0928,True,19,0,4,0.0,0.0,0.0,0.0,1.0,26.25
R4_B_seed606,R4,0992,1180,723,157,14,0,0,286,531,0.08286252354048965,0.060263653483992465,0.03389830508474576,0.015065913370998116,0.7250470809792844,18.574387947269305,0960,True,28,0,2,0.0,0.0,0.0,0.0,0.5,17.0
R4_B_seed606,R4,1024,1208,748,157,14,0,0,289,535,0.08224299065420561,0.059813084112149535,0.03364485981308411,0.014953271028037384,0.7271028037383177,18.682242990654206,0992,True,28,0,4,0.0,0.0,0.0,0.0,1.0,33.0
R5_B_seed700,R5,0032,119,38,39,6,0,0,36,21,0.2857142857142857,0.38095238095238093,0.047619047619047616,0.38095238095238093,0.38095238095238093,22.428571428571427,,,,,,,,,,,
R5_B_seed700,R5,0064,235,75,80,6,0,0,74,58,0.1206896551724138,0.1724137931034483,0.1206896551724138,0.1724137931034483,0.43103448275862066,18.06896551724138,0032,True,116,0,37,0.02702702702702703,0.05405405405405406,0.16216216216216217,0.05405405405405406,0.4594594594594595,15.594594594594595
R5_B_seed700,R5,0096,304,96,98,6,0,0,104,79,0.11392405063291139,0.16455696202531644,0.08860759493670886,0.13924050632911392,0.4936708860759494,18.860759493670887,0064,True,69,0,21,0.09523809523809523,0.14285714285714285,0.0,0.047619047619047616,0.6666666666666666,21.047619047619047
R5_B_seed701,R5,0032,124,37,39,8,0,0,40,23,0.43478260869565216,0.5652173913043478,0.13043478260869565,0.13043478260869565,0.6086956521739131,28.52173913043478,,,,,,,,,,,
R5_B_seed701,R5,0064,254,78,84,11,0,0,81,64,0.328125,0.359375,0.140625,0.09375,0.671875,24.046875,0032,True,130,0,41,0.2682926829268293,0.24390243902439024,0.14634146341463414,0.07317073170731707,0.7073170731707317,21.536585365853657
R5_B_seed701,R5,0096,338,102,102,13,0,0,121,87,0.3333333333333333,0.3448275862068966,0.1839080459770115,0.08045977011494253,0.7241379310344828,25.850574712643677,0064,True,84,0,23,0.34782608695652173,0.30434782608695654,0.30434782608695654,0.043478260869565216,0.8695652173913043,30.869565217391305
R5_B_seed701,R5,0128,396,124,112,13,0,0,147,108,0.3055555555555556,0.3055555555555556,0.16666666666666666,0.06481481481481481,0.7592592592592593,25.11111111111111,0096,True,58,0,21,0.19047619047619047,0.14285714285714285,0.09523809523809523,0.0,0.9047619047619048,22.047619047619047
R5_B_seed701,R5,0160,476,168,123,13,0,0,172,151,0.271523178807947,0.23841059602649006,0.1456953642384106,0.046357615894039736,0.7748344370860927,23.880794701986755,0128,True,80,0,43,0.18604651162790697,0.06976744186046512,0.09302325581395349,0.0,0.813953488372093,20.790697674418606
R5_B_seed701,R5,0192,556,216,133,13,0,0,194,199,0.23618090452261306,0.19095477386934673,0.11557788944723618,0.035175879396984924,0.7939698492462312,22.763819095477388,0160,True,80,0,48,0.125,0.041666666666666664,0.020833333333333332,0.0,0.8541666666666666,19.25
R5_B_seed701,R5,0224,602,256,134,13,0,0,199,239,0.19665271966527198,0.1589958158995816,0.100418410041841,0.029288702928870293,0.803347280334728,22.11715481171548,0192,True,46,0,40,0.0,0.0,0.025,0.0,0.85,18.9
R5_B_seed701,R5,0256,663,297,137,13,0,0,216,280,0.17142857142857143,0.1357142857142857,0.08571428571428572,0.025,0.8178571428571428,21.767857142857142,0224,True,61,0,41,0.024390243902439025,0.0,0.0,0.0,0.9024390243902439,19.73170731707317
R5_B_seed701,R5,0288,714,338,139,13,0,0,224,321,0.14953271028037382,0.11838006230529595,0.07476635514018691,0.021806853582554516,0.8348909657320872,21.5202492211838,0256,True,51,0,41,0.0,0.0,0.0,0.0,0.9512195121951219,19.829268292682926
R5_B_seed702,R5,0032,122,36,41,8,0,0,37,15,0.26666666666666666,0.3333333333333333,0.13333333333333333,0.4666666666666667,0.26666666666666666,24.333333333333332,,,,,,,,,,,
RP_B_seed402,RP,0032,112,34,37,6,0,0,35,16,0.3125,0.3125,0.0,0.3125,0.1875,21.4375,,,,,,,,,,,
RP_B_seed402,RP,0064,216,67,72,7,0,0,70,46,0.10869565217391304,0.10869565217391304,0.06521739130434782,0.10869565217391304,0.3695652173913043,14.391304347826088,0032,True,104,0,30,0.0,0.0,0.1,0.0,0.4666666666666667,10.633333333333333
RP_B_seed402,RP,0096,254,77,81,7,0,0,89,56,0.08928571428571429,0.08928571428571429,0.05357142857142857,0.08928571428571429,0.4107142857142857,14.375,0064,True,38,0,10,0.0,0.0,0.0,0.0,0.6,14.3
RP_B_seed402,RP,0128,271,80,81,7,0,0,103,59,0.0847457627118644,0.0847457627118644,0.05084745762711865,0.0847457627118644,0.4067796610169492,14.322033898305085,0096,True,17,0,3,0.0,0.0,0.0,0.0,0.3333333333333333,13.333333333333334
RP_B_seed402,RP,0160,319,109,83,7,0,0,120,88,0.06818181818181818,0.06818181818181818,0.056818181818181816,0.056818181818181816,0.38636363636363635,14.738636363636363,0128,True,48,0,29,0.034482758620689655,0.034482758620689655,0.06896551724137931,0.0,0.3448275862068966,15.586206896551724
RP_B_seed402,RP,0192,361,143,83,7,0,0,128,122,0.04918032786885246,0.04918032786885246,0.05737704918032787,0.040983606557377046,0.47540983606557374,14.827868852459016,0160,True,42,0,34,0.0,0.0,0.058823529411764705,0.0,0.7058823529411765,15.058823529411764
RP_B_seed402,RP,0224,400,178,83,7,0,0,132,157,0.03821656050955414,0.03821656050955414,0.05732484076433121,0.03184713375796178,0.554140127388535,15.401273885350319,0192,True,39,0,35,0.0,0.0,0.05714285714285714,0.0,0.8285714285714286,17.4
RP_B_seed402,RP,0256,428,204,83,7,0,0,134,183,0.03278688524590164,0.03278688524590164,0.04918032786885246,0.0273224043715847,0.6010928961748634,16.043715846994534,0224,True,28,0,26,0.0,0.0,0.0,0.0,0.8846153846153846,19.923076923076923
RP_B_seed402,RP,0288,463,235,83,8,0,0,137,214,0.028037383177570093,0.028037383177570093,0.04205607476635514,0.02336448598130841,0.6588785046728972,16.098130841121495,0256,True,35,0,31,0.0,0.0,0.0,0.0,1.0,16.419354838709676
RP_B_seed402,RP,0320,493,263,83,8,0,0,139,242,0.024793388429752067,0.024793388429752067,0.0371900826446281,0.02066115702479339,0.6983471074380165,16.24380165289256,0288,True,30,0,28,0.0,0.0,0.0,0.0,1.0,17.357142857142858
RP_B_seed402,RP,0352,523,290,83,8,0,0,142,269,0.022304832713754646,0.022304832713754646,0.03717472118959108,0.01858736059479554,0.7286245353159851,16.520446096654275,0320,True,30,0,27,0.0,0.0,0.037037037037037035,0.0,1.0,19.0
RP_B_seed402,RP,0384,549,313,83,8,0,0,145,292,0.02054794520547945,0.02054794520547945,0.03424657534246575,0.017123287671232876,0.75,16.90753424657534,0352,True,26,0,23,0.0,0.0,0.0,0.0,1.0,21.434782608695652
RP_B_seed402,RP,0416,573,335,83,8,0,0,147,314,0.022292993630573247,0.01910828025477707,0.03184713375796178,0.01592356687898089,0.7643312101910829,17.254777070063696,0384,True,24,0,22,0.045454545454545456,0.0,0.0,0.0,0.9545454545454546,21.863636363636363
RP_B_seed402,RP,0448,604,365,83,8,0,0,148,344,0.020348837209302327,0.01744186046511628,0.029069767441860465,0.014534883720930232,0.7848837209302325,17.642441860465116,0416,True,31,0,30,0.0,0.0,0.0,0.0,1.0,21.7
RP_B_seed402,RP,0480,636,397,83,8,0,0,148,376,0.031914893617021274,0.023936170212765957,0.026595744680851064,0.013297872340425532,0.7819148936170213,18.16223404255319,0448,True,32,0,32,0.15625,0.09375,0.0,0.0,0.75,23.75
RP_B_seed402,RP,0512,669,429,83,8,0,0,149,408,0.051470588235294115,0.03431372549019608,0.024509803921568627,0.014705882352941176,0.7867647058823529,18.732843137254903,0480,True,33,0,32,0.28125,0.15625,0.0,0.03125,0.84375,25.4375
RP_B_seed402,RP,0544,708,462,84,8,0,0,154,441,0.07709750566893424,0.05668934240362812,0.022675736961451247,0.013605442176870748,0.7936507936507936,19.594104308390023,0512,True,39,0,33,0.3939393939393939,0.3333333333333333,0.0,0.0,0.8787878787878788,30.242424242424242
RP_B_seed402,RP,0576,736,490,84,8,0,0,154,469,0.08955223880597014,0.057569296375266525,0.023454157782515993,0.01279317697228145,0.7889125799573561,19.844349680170577,0544,True,28,0,28,0.2857142857142857,0.07142857142857142,0.03571428571428571,0.0,0.7142857142857143,23.785714285714285
RP_B_seed402,RP,0608,771,522,84,8,0,0,157,501,0.1217564870259481,0.05788423153692615,0.021956087824351298,0.011976047904191617,0.7924151696606786,20.239520958083833,0576,True,35,0,32,0.59375,0.0625,0.0,0.0,0.84375,26.03125
RP_B_seed402,RP,0640,805,556,84,8,0,0,157,535,0.16448598130841122,0.056074766355140186,0.020560747663551402,0.011214953271028037,0.7925233644859813,20.411214953271028,0608,True,34,0,34,0.7941176470588235,0.029411764705882353,0.0,0.0,0.7941176470588235,22.941176470588236
RP_B_seed402,RP,0672,839,586,84,8,0,0,161,565,0.19646017699115045,0.05309734513274336,0.019469026548672566,0.010619469026548672,0.7982300884955752,20.561061946902655,0640,True,34,0,30,0.7666666666666667,0.0,0.0,0.0,0.9,23.233333333333334
RP_B_seed402,RP,0704,872,616,84,8,0,0,164,595,0.23529411764705882,0.05042016806722689,0.018487394957983194,0.010084033613445379,0.8,20.647058823529413,0672,True,33,0,30,0.9666666666666667,0.0,0.0,0.0,0.8333333333333334,22.266666666666666
RP_B_seed402,RP,0736,909,647,84,12,0,0,166,626,0.2731629392971246,0.04792332268370607,0.01757188498402556,0.009584664536741214,0.7891373801916933,20.56549520766773,0704,True,37,0,31,1.0,0.0,0.0,0.0,0.5806451612903226,19.0
RP_B_seed402,RP,0768,940,674,84,15,0,0,167,653,0.30321592649310875,0.04747320061255743,0.018376722817764167,0.009188361408882083,0.7672281776416539,20.448698315467077,0736,True,31,0,27,1.0,0.037037037037037035,0.037037037037037035,0.0,0.25925925925925924,17.74074074074074
RP_B_seed402,RP,0800,975,707,84,17,0,0,167,685,0.3357664233576642,0.04671532846715328,0.020437956204379562,0.008759124087591242,0.743065693430657,20.322627737226277,0768,True,35,0,32,1.0,0.03125,0.0625,0.0,0.25,17.75
RP_B_seed402,RP,0832,1005,734,84,20,0,0,167,709,0.35825105782792666,0.045133991537376586,0.021156558533145273,0.00846262341325811,0.7221438645980254,20.157968970380818,0800,True,30,0,24,1.0,0.0,0.041666666666666664,0.0,0.125,15.458333333333334
RP_B_seed402,RP,0864,1036,763,84,22,0,0,167,737,0.3812754409769335,0.04341926729986431,0.028493894165535955,0.008141112618724558,0.6987788331071914,20.00271370420624,0832,True,31,0,28,0.9642857142857143,0.0,0.21428571428571427,0.0,0.10714285714285714,16.071428571428573
RP_B_seed402,RP,0896,1059,786,84,22,0,0,167,758,0.39841688654353563,0.04353562005277045,0.036939313984168866,0.0079155672823219,0.6899736147757256,20.04749340369393,0864,True,23,0,21,1.0,0.047619047619047616,0.3333333333333333,0.0,0.38095238095238093,21.61904761904762
RP_B_seed402,RP,0928,1081,807,84,23,0,0,167,779,0.41335044929396664,0.043645699614890884,0.051347881899871634,0.007702182284980745,0.686777920410783,20.177150192554556,0896,True,22,0,21,0.9523809523809523,0.047619047619047616,0.5714285714285714,0.0,0.5714285714285714,24.857142857142858
RP_B_seed402,RP,0960,1106,830,84,25,0,0,167,801,0.4232209737827715,0.04369538077403246,0.062421972534332085,0.00749063670411985,0.6878901373283396,20.262172284644194,0928,True,25,0,22,0.7727272727272727,0.045454545454545456,0.45454545454545453,0.0,0.7272727272727273,23.272727272727273
RP_B_seed402,RP,0992,1142,861,84,30,0,0,167,831,0.43080625752105894,0.044524669073405534,0.08062575210589651,0.007220216606498195,0.6979542719614922,20.487364620938628,0960,True,36,0,30,0.6333333333333333,0.06666666666666667,0.5666666666666667,0.0,0.9666666666666667,26.5
RP_B_seed402,RP,1024,1170,888,84,31,0,0,167,855,0.439766081871345,0.04327485380116959,0.09707602339181287,0.007017543859649123,0.7029239766081872,20.69356725146199,0992,True,28,0,24,0.75,0.0,0.6666666666666666,0.0,0.875,27.833333333333332
R_B_seed0,R,0032,116,35,37,8,0,0,36,21,0.23809523809523808,0.42857142857142855,0.14285714285714285,0.19047619047619047,0.42857142857142855,25.333333333333332,,,,,,,,,,,
R_B_seed0,R,0064,215,68,71,9,0,0,67,53,0.09433962264150944,0.18867924528301888,0.11320754716981132,0.07547169811320754,0.5094339622641509,17.830188679245282,0032,True,99,0,32,0.0,0.03125,0.09375,0.0,0.5625,12.90625
R_B_seed0,R,0096,239,76,77,9,0,0,77,61,0.11475409836065574,0.18032786885245902,0.13114754098360656,0.06557377049180328,0.5245901639344263,18.885245901639344,0064,True,24,0,8,0.25,0.125,0.25,0.0,0.625,25.875
R_B_seed0,R,0128,251,79,79,9,0,0,84,64,0.109375,0.171875,0.125,0.0625,0.515625,18.421875,0096,True,12,0,3,0.0,0.0,0.0,0.0,0.3333333333333333,9.0
R_B_seed0,R,0160,289,109,80,9,0,0,91,94,0.07446808510638298,0.11702127659574468,0.09574468085106383,0.0425531914893617,0.5531914893617021,17.925531914893618,0128,True,38,0,30,0.0,0.0,0.03333333333333333,0.0,0.6333333333333333,16.866666666666667
R_B_seed0,R,0192,323,141,80,9,0,0,93,126,0.05555555555555555,0.0873015873015873,0.0873015873015873,0.031746031746031744,0.4603174603174603,17.50793650793651,0160,True,34,0,32,0.0,0.0,0.0625,0.0,0.1875,16.28125
R_B_seed0,R,0224,352,169,80,9,0,0,94,154,0.045454545454545456,0.07142857142857142,0.07142857142857142,0.025974025974025976,0.42207792207792205,17.272727272727273,0192,True,29,0,28,0.0,0.0,0.0,0.0,0.25,16.214285714285715
R_B_seed0,R,0256,385,200,80,9,0,0,96,185,0.03783783783783784,0.05945945945945946,0.05945945945945946,0.021621621621621623,0.4702702702702703,17.443243243243245,0224,True,33,0,31,0.0,0.0,0.0,0.0,0.7096774193548387,18.29032258064516
R_B_seed0,R,0288,430,227,86,9,0,0,108,212,0.0330188679245283,0.05188679245283019,0.05188679245283019,0.018867924528301886,0.45754716981132076,17.419811320754718,0256,True,45,0,27,0.0,0.0,0.0,0.0,0.37037037037037035,17.25925925925926
R_B_seed0,R,0320,464,251,86,17,0,0,110,236,0.029661016949152543,0.046610169491525424,0.046610169491525424,0.01694915254237288,0.4279661016949153,17.21186440677966,0288,True,34,0,24,0.0,0.0,0.0,0.0,0.16666666666666666,15.375
R_B_seed0,R,0352,514,284,91,17,0,0,122,269,0.026022304832713755,0.040892193308550186,0.040892193308550186,0.01486988847583643,0.41263940520446096,17.04832713754647,0320,True,50,0,33,0.0,0.0,0.0,0.0,0.30303030303030304,15.878787878787879
R_B_seed0,R,0384,561,322,93,18,0,0,128,307,0.02280130293159609,0.035830618892508145,0.035830618892508145,0.013029315960912053,0.3745928338762215,16.850162866449512,0352,True,47,0,38,0.0,0.0,0.0,0.0,0.10526315789473684,15.447368421052632
R_B_seed0,R,0416,590,349,93,18,0,0,130,334,0.020958083832335328,0.03293413173652695,0.03293413173652695,0.011976047904191617,0.3473053892215569,16.694610778443113,0384,True,29,0,27,0.0,0.0,0.0,0.0,0.037037037037037035,14.925925925925926
R_B_seed0,R,0448,626,379,94,18,0,0,135,364,0.019230769230769232,0.03021978021978022,0.03021978021978022,0.01098901098901099,0.31868131868131866,16.552197802197803,0416,True,36,0,30,0.0,0.0,0.0,0.0,0.0,14.966666666666667
R_B_seed0,R,0480,664,405,96,18,0,0,145,390,0.017948717948717947,0.028205128205128206,0.028205128205128206,0.010256410256410256,0.3,16.576923076923077,0448,True,38,0,26,0.0,0.0,0.0,0.0,0.038461538461538464,16.923076923076923
R_B_seed0,R,0512,679,417,96,18,0,0,148,402,0.017412935323383085,0.02736318407960199,0.02736318407960199,0.009950248756218905,0.2935323383084577,16.671641791044777,0480,True,15,0,12,0.0,0.0,0.0,0.0,0.08333333333333333,19.75
R_B_seed0,R,0544,688,420,96,18,0,0,154,405,0.01728395061728395,0.027160493827160494,0.027160493827160494,0.009876543209876543,0.291358024691358,16.649382716049384,0512,True,9,0,3,0.0,0.0,0.0,0.0,0.0,13.666666666666666
R_B_seed0,R,0576,698,424,96,18,0,0,160,409,0.017114914425427872,0.02689486552567237,0.02689486552567237,0.009779951100244499,0.2885085574572127,16.60635696821516,0544,True,10,0,4,0.0,0.0,0.0,0.0,0.0,12.25
R_B_seed0,R,0608,707,429,96,18,0,0,164,414,0.016908212560386472,0.026570048309178744,0.026570048309178744,0.00966183574879227,0.28502415458937197,16.57246376811594,0576,True,9,0,5,0.0,0.0,0.0,0.0,0.0,13.8
R_B_seed0,R,0640,741,432,105,18,0,0,186,417,0.016786570743405275,0.026378896882494004,0.026378896882494004,0.009592326139088728,0.2829736211031175,16.56115107913669,0608,True,34,0,3,0.0,0.0,0.0,0.0,0.0,15.0
R_B_seed0,R,0672,758,434,108,18,0,0,198,419,0.016706443914081145,0.026252983293556086,0.026252983293556086,0.00954653937947494,0.28162291169451076,16.558472553699286,0640,True,17,0,2,0.0,0.0,0.0,0.0,0.0,16.0
R_B_seed0,R,0704,804,459,114,18,0,0,213,444,0.015765765765765764,0.024774774774774775,0.024774774774774775,0.009009009009009009,0.268018018018018,16.563063063063062,0672,True,46,0,25,0.0,0.0,0.0,0.0,0.04,16.64
R_B_seed0,R,0736,865,475,130,18,0,0,242,460,0.015217391304347827,0.02391304347826087,0.02391304347826087,0.008695652173913044,0.25869565217391305,16.506521739130434,0704,True,61,0,16,0.0,0.0,0.0,0.0,0.0,14.9375
R_B_seed0,R,0768,877,481,130,18,0,0,248,466,0.015021459227467811,0.023605150214592276,0.023605150214592276,0.008583690987124463,0.2553648068669528,16.5,0736,True,12,0,6,0.0,0.0,0.0,0.0,0.0,16.0
R_B_seed0,R,0800,903,502,131,18,0,0,252,487,0.014373716632443531,0.022587268993839837,0.022587268993839837,0.008213552361396304,0.24435318275154005,16.437371663244353,0768,True,26,0,21,0.0,0.0,0.0,0.0,0.0,15.047619047619047
R_B_seed0,R,0832,916,506,131,18,0,0,261,491,0.014256619144602852,0.02240325865580448,0.02240325865580448,0.008146639511201629,0.24236252545824846,16.429735234215887,0800,True,13,0,4,0.0,0.0,0.0,0.0,0.0,15.5
R_B_seed0,R,0864,931,509,132,18,0,0,272,494,0.01417004048582996,0.022267206477732792,0.022267206477732792,0.008097165991902834,0.2408906882591093,16.42105263157895,0832,True,15,0,3,0.0,0.0,0.0,0.0,0.0,15.0
R_B_seed0,R,0896,947,516,132,18,0,0,281,501,0.013972055888223553,0.021956087824351298,0.021956087824351298,0.007984031936127744,0.23952095808383234,16.41317365269461,0864,True,16,0,7,0.0,0.0,0.0,0.0,0.14285714285714285,15.857142857142858
R_B_seed0,R,0928,956,521,132,18,0,0,285,506,0.01383399209486166,0.021739130434782608,0.021739130434782608,0.007905138339920948,0.23715415019762845,16.399209486166008,0896,True,9,0,5,0.0,0.0,0.0,0.0,0.0,15.0
R_B_seed0,R,0960,971,532,132,18,0,0,289,517,0.013539651837524178,0.02127659574468085,0.02127659574468085,0.007736943907156673,0.23404255319148937,16.400386847195357,0928,True,15,0,11,0.0,0.0,0.0,0.0,0.09090909090909091,16.454545454545453
R_B_seed0,R,0992,988,544,132,18,0,0,294,529,0.013232514177693762,0.020793950850661626,0.020793950850661626,0.007561436672967864,0.22873345935727787,16.37429111531191,0960,True,17,0,12,0.0,0.0,0.0,0.0,0.0,15.25
R_B_seed0,R,1024,994,548,132,19,0,0,295,533,0.013133208255159476,0.020637898686679174,0.020637898686679174,0.0075046904315197,0.22889305816135083,16.367729831144466,0992,True,6,0,4,0.0,0.0,0.0,0.0,0.25,15.5
R_B_seed1,R,0032,140,43,48,6,0,0,43,15,0.4,0.4666666666666667,0.2,0.13333333333333333,0.4666666666666667,32.4,,,,,,,,,,,
R_B_seed1,R,0064,257,78,92,8,0,0,79,50,0.28,0.34,0.26,0.14,0.62,24.8,0032,True,117,0,35,0.22857142857142856,0.2857142857142857,0.2857142857142857,0.14285714285714285,0.6857142857142857,21.542857142857144
R_B_seed1,R,0096,317,97,104,8,0,0,108,69,0.2028985507246377,0.2463768115942029,0.2608695652173913,0.10144927536231885,0.6376811594202898,23.17391304347826,0064,True,60,0,19,0.0,0.0,0.2631578947368421,0.0,0.6842105263157895,18.894736842105264
R_B_seed1,R,0128,347,110,109,8,0,0,120,81,0.18518518518518517,0.2222222222222222,0.24691358024691357,0.08641975308641975,0.6790123456790124,22.432098765432098,0096,True,30,0,12,0.08333333333333333,0.08333333333333333,0.16666666666666666,0.0,0.9166666666666666,18.166666666666668
R_B_seed1,R,0160,390,139,113,8,0,0,130,108,0.1388888888888889,0.17592592592592593,0.2037037037037037,0.06481481481481481,0.7314814814814815,20.564814814814813,0128,True,43,0,27,0.0,0.037037037037037035,0.07407407407407407,0.0,0.8888888888888888,14.962962962962964
R_B_seed1,R,0192,424,173,113,8,0,0,130,142,0.11267605633802817,0.14084507042253522,0.176056338028169,0.056338028169014086,0.7887323943661971,19.183098591549296,0160,True,34,0,34,0.029411764705882353,0.029411764705882353,0.08823529411764706,0.029411764705882353,0.9705882352941176,14.794117647058824
R_B_seed1,R,0224,464,208,113,8,0,0,135,175,0.12,0.13714285714285715,0.15428571428571428,0.045714285714285714,0.8228571428571428,18.502857142857142,0192,True,40,0,33,0.15151515151515152,0.12121212121212122,0.06060606060606061,0.0,0.9696969696969697,15.575757575757576
R_B_seed1,R,0256,505,245,113,8,0,0,139,212,0.11320754716981132,0.12264150943396226,0.1320754716981132,0.03773584905660377,0.8537735849056604,19.367924528301888,0224,True,41,0,37,0.08108108108108109,0.05405405405405406,0.02702702702702703,0.0,1.0,23.45945945945946
R_B_seed1,R,0288,542,279,113,8,0,0,142,246,0.1016260162601626,0.10569105691056911,0.11382113821138211,0.032520325203252036,0.8699186991869918,19.272357723577237,0256,True,37,0,34,0.029411764705882353,0.0,0.0,0.0,0.9705882352941176,18.676470588235293
R_B_seed1,R,0320,582,315,114,8,0,0,145,282,0.08865248226950355,0.09219858156028368,0.09929078014184398,0.028368794326241134,0.8865248226950354,19.54255319148936,0288,True,40,0,36,0.0,0.0,0.0,0.0,1.0,21.38888888888889
R_B_seed2,R,0032,114,35,37,7,0,0,35,17,0.5294117647058824,0.5294117647058824,0.058823529411764705,0.23529411764705882,0.23529411764705882,25.529411764705884,,,,,,,,,,,
R_B_seed2,R,0064,223,70,75,9,0,0,69,51,0.2549019607843137,0.29411764705882354,0.0392156862745098,0.1568627450980392,0.27450980392156865,18.823529411764707,0032,True,109,0,34,0.11764705882352941,0.17647058823529413,0.029411764705882353,0.11764705882352941,0.29411764705882354,15.470588235294118
R_B_seed2,R,0096,277,82,89,9,0,0,97,63,0.23809523809523808,0.2698412698412698,0.031746031746031744,0.12698412698412698,0.3333333333333333,21.047619047619047,0064,True,54,0,12,0.16666666666666666,0.16666666666666666,0.0,0.0,0.5833333333333334,30.5
R_B_seed2,R,0128,301,91,91,9,0,0,110,70,0.22857142857142856,0.2571428571428571,0.04285714285714286,0.11428571428571428,0.38571428571428573,22.32857142857143,0096,True,24,0,7,0.14285714285714285,0.14285714285714285,0.14285714285714285,0.0,0.8571428571428571,33.857142857142854
R_B_seed2,R,0160,372,128,102,9,0,0,133,107,0.16822429906542055,0.205607476635514,0.028037383177570093,0.07476635514018691,0.4392523364485981,20.878504672897197,0128,True,71,0,37,0.05405405405405406,0.10810810810810811,0.0,0.0,0.5405405405405406,18.135135135135137
R_B_seed2,R,0192,452,170,112,9,0,0,161,147,0.1360544217687075,0.1836734693877551,0.02040816326530612,0.05442176870748299,0.48299319727891155,20.1156462585034,0160,True,80,0,40,0.05,0.125,0.0,0.0,0.6,18.075
R_B_seed2,R,0224,540,214,124,9,0,0,193,186,0.11827956989247312,0.17204301075268819,0.026881720430107527,0.043010752688172046,0.510752688172043,20.543010752688172,0192,True,88,0,39,0.05128205128205128,0.1282051282051282,0.05128205128205128,0.0,0.6153846153846154,22.153846153846153
R_B_seed2,R,0256,608,261,128,9,0,0,210,222,0.10810810810810811,0.15765765765765766,0.02702702702702703,0.036036036036036036,0.5495495495495496,20.45945945945946,0224,True,68,0,36,0.05555555555555555,0.08333333333333333,0.027777777777777776,0.0,0.75,20.02777777777778
R_B_seed2,R,0288,653,303,128,9,0,0,213,257,0.0933852140077821,0.14007782101167315,0.023346303501945526,0.0311284046692607,0.5914396887159533,20.245136186770427,0256,True,45,0,35,0.0,0.02857142857142857,0.0,0.0,0.8571428571428571,18.885714285714286
R_B_seed2,R,0320,708,351,130,9,0,0,218,293,0.08532423208191127,0.13310580204778158,0.020477815699658702,0.027303754266211604,0.590443686006826,19.781569965870307,0288,True,55,0,36,0.027777777777777776,0.08333333333333333,0.0,0.0,0.5833333333333334,16.47222222222222
R_B_seed2,R,0352,752,395,130,9,0,0,218,330,0.09696969696969697,0.12727272727272726,0.021212121212121213,0.024242424242424242,0.5848484848484848,19.881818181818183,0320,True,44,0,37,0.1891891891891892,0.08108108108108109,0.02702702702702703,0.0,0.5405405405405406,20.675675675675677
R_B_seed2,R,0384,798,440,130,9,0,0,219,371,0.11590296495956873,0.12398921832884097,0.018867924528301886,0.0215633423180593,0.5956873315363881,20.045822102425877,0352,True,46,0,41,0.2682926829268293,0.0975609756097561,0.0,0.0,0.6829268292682927,21.365853658536587
R_B_seed2,R,0416,844,485,130,9,0,0,220,404,0.12871287128712872,0.11633663366336634,0.017326732673267328,0.019801980198019802,0.6212871287128713,20.475247524752476,0384,True,46,0,33,0.2727272727272727,0.030303030303030304,0.0,0.0,0.9090909090909091,25.303030303030305
R_B_seed2,R,0448,889,529,130,9,0,0,221,429,0.1561771561771562,0.11655011655011654,0.016317016317016316,0.018648018648018648,0.6410256410256411,20.88111888111888,0416,True,45,0,25,0.6,0.12,0.0,0.0,0.96,27.44
R_B_seed2,R,0480,933,572,130,9,0,0,222,455,0.1824175824175824,0.11428571428571428,0.015384615384615385,0.017582417582417582,0.6593406593406593,21.386813186813185,0448,True,44,0,26,0.6153846153846154,0.07692307692307693,0.0,0.0,0.9615384615384616,29.73076923076923
R_B_seed2,R,0512,979,618,130,9,0,0,222,480,0.19583333333333333,0.1125,0.014583333333333334,0.016666666666666666,0.6770833333333334,21.633333333333333,0480,True,46,0,25,0.44,0.08,0.0,0.0,1.0,26.12
R_B_seed2,R,0544,1014,652,130,9,0,0,223,495,0.2,0.10909090909090909,0.014141414141414142,0.01616161616161616,0.6868686868686869,21.69090909090909,0512,True,35,0,15,0.3333333333333333,0.0,0.0,0.0,1.0,23.533333333333335
R_B_seed2,R,0576,1049,686,130,9,0,0,224,509,0.2043222003929273,0.10805500982318271,0.0137524557956778,0.015717092337917484,0.6954813359528488,21.69941060903733,0544,True,35,0,14,0.35714285714285715,0.07142857142857142,0.0,0.0,1.0,22.0
R_B_seed2,R,0608,1082,719,130,9,0,0,224,519,0.2023121387283237,0.10789980732177264,0.01348747591522158,0.015414258188824663,0.7013487475915221,21.67630057803468,0576,True,33,0,10,0.1,0.1,0.0,0.0,1.0,20.5
R_B_seed2,R,0640,1115,752,130,9,0,0,224,526,0.19961977186311788,0.10646387832699619,0.013307984790874524,0.015209125475285171,0.7034220532319392,21.564638783269963,0608,True,33,0,7,0.0,0.0,0.0,0.0,0.8571428571428571,13.285714285714286
R_B_seed2,R,0672,1140,776,130,9,0,0,225,534,0.19662921348314608,0.10486891385767791,0.013108614232209739,0.0149812734082397,0.7059925093632958,21.3876404494382,0640,True,25,0,8,0.0,0.0,0.0,0.0,0.875,9.75
R_B_seed2,R,0704,1163,799,130,9,0,0,225,539,0.19666048237476808,0.10575139146567718,0.012987012987012988,0.014842300556586271,0.7050092764378478,21.408163265306122,0672,True,23,0,5,0.2,0.2,0.0,0.0,0.6,23.6
